year,month,day,jam_observasi,sheet_bulan,ketinggian,arah_deg,kecepatan
2025,1,1,06 UTC,JAN,SURFACE,200.0,4.0
2025,1,1,06 UTC,JAN,1000,305.0,2.0
2025,1,1,06 UTC,JAN,2000,265.0,2.0
2025,1,1,06 UTC,JAN,3000,270.0,3.0
2025,1,1,06 UTC,JAN,4000,280.0,1.0
2025,1,1,06 UTC,JAN,5000,295.0,3.0
2025,1,1,06 UTC,JAN,6000,65.0,6.0
2025,1,1,06 UTC,JAN,7000,235.0,2.0
2025,1,1,06 UTC,JAN,8000,240.0,4.0
2025,1,2,06 UTC,JAN,SURFACE,0.0,0.0
2025,1,2,06 UTC,JAN,1000,45.0,4.0
2025,1,2,06 UTC,JAN,2000,320.0,1.0
2025,1,2,06 UTC,JAN,3000,275.0,2.0
2025,1,2,06 UTC,JAN,4000,300.0,3.0
2025,1,2,06 UTC,JAN,5000,295.0,4.0
2025,1,3,06 UTC,JAN,SURFACE,250.0,3.0
2025,1,3,06 UTC,JAN,1000,270.0,7.0
2025,1,3,06 UTC,JAN,2000,260.0,3.0
2025,1,3,06 UTC,JAN,3000,260.0,11.0
2025,1,3,06 UTC,JAN,4000,255.0,10.0
2025,1,3,06 UTC,JAN,5000,245.0,9.0
2025,1,3,06 UTC,JAN,6000,255.0,10.0
2025,1,3,06 UTC,JAN,7000,235.0,8.0
2025,1,3,06 UTC,JAN,8000,245.0,10.0
2025,1,3,06 UTC,JAN,9000,245.0,10.0
2025,1,3,06 UTC,JAN,10000,255.0,9.0
2025,1,4,06 UTC,JAN,SURFACE,250.0,3.0
2025,1,4,06 UTC,JAN,1000,350.0,3.0
2025,1,4,06 UTC,JAN,2000,170.0,1.0
2025,1,4,06 UTC,JAN,3000,270.0,3.0
2025,1,4,06 UTC,JAN,4000,260.0,2.0
2025,1,4,06 UTC,JAN,5000,200.0,2.0
2025,1,4,06 UTC,JAN,6000,190.0,3.0
2025,1,4,06 UTC,JAN,7000,200.0,5.0
2025,1,4,06 UTC,JAN,8000,180.0,5.0
2025,1,5,06 UTC,JAN,SURFACE,120.0,6.0
2025,1,5,06 UTC,JAN,1000,250.0,1.0
2025,1,5,06 UTC,JAN,2000,270.0,2.0
2025,1,5,06 UTC,JAN,3000,255.0,4.0
2025,1,5,06 UTC,JAN,4000,260.0,4.0
2025,1,5,06 UTC,JAN,5000,240.0,3.0
2025,1,5,06 UTC,JAN,6000,195.0,4.0
2025,1,5,06 UTC,JAN,7000,220.0,3.0
2025,1,6,06 UTC,JAN,SURFACE,140.0,4.0
2025,1,6,06 UTC,JAN,1000,100.0,2.0
2025,1,6,06 UTC,JAN,2000,50.0,2.0
2025,1,6,06 UTC,JAN,3000,360.0,1.0
2025,1,6,06 UTC,JAN,4000,30.0,3.0
2025,1,6,06 UTC,JAN,5000,20.0,3.0
2025,1,6,06 UTC,JAN,6000,10.0,1.0
2025,1,7,06 UTC,JAN,SURFACE,60.0,3.0
2025,1,7,06 UTC,JAN,1000,55.0,4.0
2025,1,7,06 UTC,JAN,2000,25.0,6.0
2025,1,7,06 UTC,JAN,3000,350.0,5.0
2025,1,7,06 UTC,JAN,4000,295.0,5.0
2025,1,7,06 UTC,JAN,5000,305.0,4.0
2025,1,7,06 UTC,JAN,6000,285.0,5.0
2025,1,7,06 UTC,JAN,7000,275.0,5.0
2025,1,8,06 UTC,JAN,SURFACE,290.0,5.0
2025,1,9,06 UTC,JAN,SURFACE,270.0,9.0
2025,1,9,06 UTC,JAN,1000,175.0,2.0
2025,1,9,06 UTC,JAN,2000,170.0,3.0
2025,1,9,06 UTC,JAN,3000,270.0,3.0
2025,1,9,06 UTC,JAN,4000,245.0,5.0
2025,1,9,06 UTC,JAN,5000,275.0,4.0
2025,1,9,06 UTC,JAN,6000,275.0,4.0
2025,1,9,06 UTC,JAN,7000,280.0,6.0
2025,1,9,06 UTC,JAN,8000,245.0,6.0
2025,1,10,06 UTC,JAN,SURFACE,60.0,3.0
2025,1,10,06 UTC,JAN,1000,30.0,9.0
2025,1,10,06 UTC,JAN,2000,40.0,9.0
2025,1,10,06 UTC,JAN,3000,40.0,10.0
2025,1,10,06 UTC,JAN,4000,60.0,9.0
2025,1,10,06 UTC,JAN,5000,55.0,7.0
2025,1,10,06 UTC,JAN,6000,55.0,8.0
2025,1,11,06 UTC,JAN,SURFACE,120.0,9.0
2025,1,11,06 UTC,JAN,1000,10.0,2.0
2025,1,11,06 UTC,JAN,2000,340.0,3.0
2025,1,11,06 UTC,JAN,3000,330.0,3.0
2025,1,11,06 UTC,JAN,4000,310.0,3.0
2025,1,11,06 UTC,JAN,5000,305.0,4.0
2025,1,11,06 UTC,JAN,6000,315.0,3.0
2025,1,12,06 UTC,JAN,SURFACE,160.0,6.0
2025,1,12,06 UTC,JAN,1000,250.0,7.0
2025,1,12,06 UTC,JAN,2000,240.0,8.0
2025,1,12,06 UTC,JAN,3000,230.0,9.0
2025,1,12,06 UTC,JAN,4000,220.0,12.0
2025,1,12,06 UTC,JAN,5000,200.0,5.0
2025,1,12,06 UTC,JAN,6000,180.0,6.0
2025,1,12,06 UTC,JAN,7000,160.0,4.0
2025,1,12,06 UTC,JAN,8000,160.0,3.0
2025,1,13,06 UTC,JAN,SURFACE,90.0,7.0
2025,1,13,06 UTC,JAN,1000,135.0,3.0
2025,1,13,06 UTC,JAN,2000,125.0,4.0
2025,1,13,06 UTC,JAN,3000,165.0,7.0
2025,1,13,06 UTC,JAN,4000,180.0,3.0
2025,1,13,06 UTC,JAN,5000,240.0,5.0
2025,1,13,06 UTC,JAN,6000,250.0,6.0
2025,1,13,06 UTC,JAN,7000,255.0,6.0
2025,1,13,06 UTC,JAN,8000,240.0,6.0
2025,1,14,06 UTC,JAN,SURFACE,70.0,5.0
2025,1,14,06 UTC,JAN,1000,45.0,4.0
2025,1,14,06 UTC,JAN,2000,5.0,2.0
2025,1,14,06 UTC,JAN,3000,325.0,5.0
2025,1,14,06 UTC,JAN,4000,290.0,2.0
2025,1,14,06 UTC,JAN,5000,290.0,4.0
2025,1,14,06 UTC,JAN,6000,280.0,3.0
2025,1,15,06 UTC,JAN,SURFACE,100.0,6.0
2025,1,15,06 UTC,JAN,1000,190.0,1.0
2025,1,15,06 UTC,JAN,2000,275.0,4.0
2025,1,15,06 UTC,JAN,3000,340.0,3.0
2025,1,15,06 UTC,JAN,4000,310.0,2.0
2025,1,15,06 UTC,JAN,5000,15.0,3.0
2025,1,15,06 UTC,JAN,6000,65.0,5.0
2025,1,16,06 UTC,JAN,SURFACE,280.0,9.0
2025,1,16,06 UTC,JAN,1000,310.0,16.0
2025,1,16,06 UTC,JAN,2000,310.0,12.0
2025,1,16,06 UTC,JAN,3000,310.0,17.0
2025,1,16,06 UTC,JAN,4000,290.0,14.0
2025,1,16,06 UTC,JAN,5000,350.0,9.0
2025,1,16,06 UTC,JAN,6000,340.0,9.0
2025,1,16,06 UTC,JAN,7000,350.0,9.0
2025,1,16,06 UTC,JAN,8000,50.0,10.0
2025,1,17,06 UTC,JAN,SURFACE,290.0,10.0
2025,1,17,06 UTC,JAN,1000,285.0,10.0
2025,1,17,06 UTC,JAN,2000,270.0,9.0
2025,1,17,06 UTC,JAN,3000,270.0,6.0
2025,1,17,06 UTC,JAN,4000,270.0,7.0
2025,1,17,06 UTC,JAN,5000,280.0,8.0
2025,1,17,06 UTC,JAN,6000,274.0,6.0
2025,1,17,06 UTC,JAN,7000,265.0,8.0
2025,1,17,06 UTC,JAN,8000,255.0,7.0
2025,1,18,06 UTC,JAN,SURFACE,270.0,4.0
2025,1,18,06 UTC,JAN,1000,285.0,11.0
2025,1,18,06 UTC,JAN,2000,240.0,12.0
2025,1,18,06 UTC,JAN,3000,255.0,10.0
2025,1,18,06 UTC,JAN,4000,255.0,12.0
2025,1,18,06 UTC,JAN,5000,255.0,9.0
2025,1,18,06 UTC,JAN,6000,250.0,8.0
2025,1,18,06 UTC,JAN,7000,255.0,7.0
2025,1,18,06 UTC,JAN,8000,245.0,10.0
2025,1,19,06 UTC,JAN,SURFACE,260.0,9.0
2025,1,19,06 UTC,JAN,1000,230.0,4.0
2025,1,19,06 UTC,JAN,2000,260.0,7.0
2025,1,19,06 UTC,JAN,3000,250.0,5.0
2025,1,19,06 UTC,JAN,4000,280.0,7.0
2025,1,19,06 UTC,JAN,5000,330.0,5.0
2025,1,19,06 UTC,JAN,6000,15.0,3.0
2025,1,19,06 UTC,JAN,7000,350.0,3.0
2025,1,19,06 UTC,JAN,8000,350.0,1.0
2025,1,20,06 UTC,JAN,SURFACE,260.0,10.0
2025,1,20,06 UTC,JAN,1000,280.0,4.0
2025,1,20,06 UTC,JAN,2000,270.0,7.0
2025,1,20,06 UTC,JAN,3000,220.0,7.0
2025,1,20,06 UTC,JAN,4000,240.0,7.0
2025,1,20,06 UTC,JAN,5000,210.0,8.0
2025,1,20,06 UTC,JAN,6000,270.0,9.0
2025,1,20,06 UTC,JAN,7000,260.0,10.0
2025,1,21,06 UTC,JAN,SURFACE,270.0,10.0
2025,1,21,06 UTC,JAN,1000,275.0,7.0
2025,1,21,06 UTC,JAN,2000,270.0,7.0
2025,1,21,06 UTC,JAN,3000,240.0,3.0
2025,1,21,06 UTC,JAN,4000,265.0,6.0
2025,1,21,06 UTC,JAN,5000,275.0,8.0
2025,1,21,06 UTC,JAN,6000,250.0,11.0
2025,1,21,06 UTC,JAN,7000,260.0,7.0
2025,1,21,06 UTC,JAN,8000,245.0,9.0
2025,1,22,06 UTC,JAN,SURFACE,300.0,5.0
2025,1,22,06 UTC,JAN,1000,295.0,4.0
2025,1,22,06 UTC,JAN,2000,285.0,5.0
2025,1,22,06 UTC,JAN,3000,295.0,5.0
2025,1,22,06 UTC,JAN,4000,300.0,6.0
2025,1,22,06 UTC,JAN,5000,300.0,6.0
2025,1,22,06 UTC,JAN,6000,295.0,6.0
2025,1,23,06 UTC,JAN,SURFACE,290.0,7.0
2025,1,23,06 UTC,JAN,1000,305.0,10.0
2025,1,23,06 UTC,JAN,2000,305.0,14.0
2025,1,23,06 UTC,JAN,3000,280.0,5.0
2025,1,23,06 UTC,JAN,4000,290.0,6.0
2025,1,23,06 UTC,JAN,5000,355.0,10.0
2025,1,23,06 UTC,JAN,6000,95.0,7.0
2025,1,24,06 UTC,JAN,SURFACE,70.0,2.0
2025,1,24,06 UTC,JAN,1000,30.0,1.0
2025,1,24,06 UTC,JAN,2000,40.0,10.0
2025,1,24,06 UTC,JAN,3000,180.0,6.0
2025,1,24,06 UTC,JAN,4000,180.0,4.0
2025,1,24,06 UTC,JAN,5000,210.0,4.0
2025,1,24,06 UTC,JAN,6000,250.0,3.0
2025,1,24,06 UTC,JAN,7000,230.0,4.0
2025,1,24,06 UTC,JAN,8000,220.0,3.0
2025,1,25,06 UTC,JAN,SURFACE,90.0,5.0
2025,1,25,06 UTC,JAN,1000,110.0,1.0
2025,1,25,06 UTC,JAN,2000,80.0,1.0
2025,1,25,06 UTC,JAN,3000,165.0,2.0
2025,1,25,06 UTC,JAN,4000,235.0,1.0
2025,1,25,06 UTC,JAN,5000,265.0,2.0
2025,1,25,06 UTC,JAN,6000,185.0,1.0
2025,1,25,06 UTC,JAN,7000,120.0,2.0
2025,1,25,06 UTC,JAN,8000,55.0,2.0
2025,1,26,06 UTC,JAN,SURFACE,100.0,2.0
2025,1,26,06 UTC,JAN,1000,0.0,0.0
2025,1,26,06 UTC,JAN,2000,120.0,2.0
2025,1,26,06 UTC,JAN,3000,100.0,2.0
2025,1,26,06 UTC,JAN,4000,85.0,4.0
2025,1,26,06 UTC,JAN,5000,75.0,4.0
2025,1,26,06 UTC,JAN,6000,80.0,5.0
2025,1,28,06 UTC,JAN,SURFACE,70.0,3.0
2025,1,28,06 UTC,JAN,1000,20.0,6.0
2025,1,28,06 UTC,JAN,2000,10.0,5.0
2025,1,28,06 UTC,JAN,3000,340.0,5.0
2025,1,28,06 UTC,JAN,4000,340.0,6.0
2025,1,28,06 UTC,JAN,5000,340.0,7.0
2025,1,28,06 UTC,JAN,6000,330.0,8.0
2025,1,28,06 UTC,JAN,7000,310.0,4.0
2025,1,28,06 UTC,JAN,8000,320.0,7.0
2025,1,29,06 UTC,JAN,SURFACE,260.0,10.0
2025,1,29,06 UTC,JAN,1000,270.0,9.0
2025,1,29,06 UTC,JAN,2000,275.0,10.0
2025,1,29,06 UTC,JAN,3000,285.0,10.0
2025,1,29,06 UTC,JAN,4000,280.0,8.0
2025,1,29,06 UTC,JAN,5000,280.0,8.0
2025,1,29,06 UTC,JAN,6000,295.0,6.0
2025,1,29,06 UTC,JAN,7000,295.0,4.0
2025,1,29,06 UTC,JAN,8000,260.0,4.0
2025,1,30,06 UTC,JAN,SURFACE,250.0,10.0
2025,1,30,06 UTC,JAN,1000,280.0,21.0
2025,1,30,06 UTC,JAN,2000,28.0,23.0
2025,1,30,06 UTC,JAN,3000,225.0,12.0
2025,1,30,06 UTC,JAN,4000,230.0,13.0
2025,1,30,06 UTC,JAN,5000,240.0,8.0
2025,1,31,06 UTC,JAN,SURFACE,280.0,8.0
2025,1,31,06 UTC,JAN,1000,290.0,10.0
2025,1,31,06 UTC,JAN,2000,290.0,12.0
2025,1,31,06 UTC,JAN,3000,285.0,15.0
2025,1,31,06 UTC,JAN,4000,295.0,15.0
2025,1,31,06 UTC,JAN,5000,29.0,18.0
2025,2,1,06 UTC,FEB,SURFACE,300.0,12.0
2025,2,1,06 UTC,FEB,1000,300.0,12.0
2025,2,1,06 UTC,FEB,2000,290.0,12.0
2025,2,1,06 UTC,FEB,3000,270.0,7.0
2025,2,1,06 UTC,FEB,4000,260.0,8.0
2025,2,1,06 UTC,FEB,5000,240.0,8.0
2025,2,1,06 UTC,FEB,6000,230.0,4.0
2025,2,1,06 UTC,FEB,7000,310.0,14.0
2025,2,1,06 UTC,FEB,8000,300.0,15.0
2025,2,2,06 UTC,FEB,SURFACE,300.0,8.0
2025,2,2,06 UTC,FEB,1000,29.0,9.0
2025,2,2,06 UTC,FEB,2000,295.0,11.0
2025,2,2,06 UTC,FEB,3000,285.0,10.0
2025,2,2,06 UTC,FEB,4000,275.0,10.0
2025,2,2,06 UTC,FEB,5000,270.0,5.0
2025,2,2,06 UTC,FEB,6000,260.0,8.0
2025,2,2,06 UTC,FEB,7000,255.0,11.0
2025,2,2,06 UTC,FEB,8000,260.0,12.0
2025,2,3,06 UTC,FEB,SURFACE,270.0,9.0
2025,2,3,06 UTC,FEB,1000,295.0,23.0
2025,2,3,06 UTC,FEB,2000,285.0,17.0
2025,2,3,06 UTC,FEB,3000,215.0,11.0
2025,2,3,06 UTC,FEB,4000,275.0,15.0
2025,2,3,06 UTC,FEB,5000,275.0,12.0
2025,2,3,06 UTC,FEB,6000,295.0,14.0
2025,2,4,06 UTC,FEB,SURFACE,280.0,9.0
2025,2,4,06 UTC,FEB,1000,285.0,10.0
2025,2,4,06 UTC,FEB,2000,285.0,19.0
2025,2,4,06 UTC,FEB,3000,280.0,19.0
2025,2,4,06 UTC,FEB,4000,280.0,21.0
2025,2,4,06 UTC,FEB,5000,280.0,20.0
2025,2,4,06 UTC,FEB,6000,275.0,33.0
2025,2,4,06 UTC,FEB,7000,280.0,22.0
2025,2,5,06 UTC,FEB,SURFACE,310.0,11.0
2025,2,5,06 UTC,FEB,1000,300.0,13.0
2025,2,5,06 UTC,FEB,2000,300.0,23.0
2025,2,5,06 UTC,FEB,3000,290.0,13.0
2025,2,5,06 UTC,FEB,4000,280.0,25.0
2025,2,5,06 UTC,FEB,5000,285.0,38.0
2025,2,5,06 UTC,FEB,6000,270.0,17.0
2025,2,5,06 UTC,FEB,7000,250.0,12.0
2025,2,5,06 UTC,FEB,8000,295.0,12.0
2025,2,6,06 UTC,FEB,SURFACE,310.0,11.0
2025,2,6,06 UTC,FEB,1000,320.0,11.0
2025,2,6,06 UTC,FEB,2000,280.0,10.0
2025,2,6,06 UTC,FEB,3000,320.0,8.0
2025,2,6,06 UTC,FEB,4000,360.0,10.0
2025,2,6,06 UTC,FEB,5000,340.0,5.0
2025,2,6,06 UTC,FEB,6000,360.0,8.0
2025,2,6,06 UTC,FEB,7000,360.0,4.0
2025,2,6,06 UTC,FEB,8000,10.0,6.0
2025,2,7,06 UTC,FEB,SURFACE,270.0,10.0
2025,2,7,06 UTC,FEB,1000,270.0,11.0
2025,2,7,06 UTC,FEB,2000,275.0,14.0
2025,2,7,06 UTC,FEB,3000,265.0,12.0
2025,2,7,06 UTC,FEB,4000,250.0,6.0
2025,2,7,06 UTC,FEB,5000,220.0,4.0
2025,2,7,06 UTC,FEB,6000,215.0,4.0
2025,2,7,06 UTC,FEB,7000,195.0,3.0
2025,2,7,06 UTC,FEB,8000,210.0,1.0
2025,2,8,06 UTC,FEB,SURFACE,240.0,6.0
2025,2,8,06 UTC,FEB,1000,255.0,16.0
2025,2,8,06 UTC,FEB,2000,270.0,16.0
2025,2,8,06 UTC,FEB,3000,275.0,11.0
2025,2,8,06 UTC,FEB,4000,260.0,16.0
2025,2,8,06 UTC,FEB,5000,255.0,17.0
2025,2,8,06 UTC,FEB,6000,250.0,12.0
2025,2,9,06 UTC,FEB,SURFACE,290.0,7.0
2025,2,9,06 UTC,FEB,1000,275.0,12.0
2025,2,9,06 UTC,FEB,2000,275.0,14.0
2025,2,9,06 UTC,FEB,3000,250.0,17.0
2025,2,9,06 UTC,FEB,4000,255.0,16.0
2025,2,9,06 UTC,FEB,5000,250.0,16.0
2025,2,9,06 UTC,FEB,6000,245.0,19.0
2025,2,10,06 UTC,FEB,SURFACE,280.0,10.0
2025,2,10,06 UTC,FEB,1000,285.0,10.0
2025,2,10,06 UTC,FEB,2000,300.0,1.0
2025,2,10,06 UTC,FEB,3000,315.0,9.0
2025,2,10,06 UTC,FEB,4000,320.0,9.0
2025,2,10,06 UTC,FEB,5000,320.0,9.0
2025,2,10,06 UTC,FEB,6000,340.0,9.0
2025,2,10,06 UTC,FEB,7000,335.0,12.0
2025,2,10,06 UTC,FEB,8000,265.0,11.0
2025,2,11,06 UTC,FEB,SURFACE,260.0,10.0
2025,2,11,06 UTC,FEB,1000,260.0,8.0
2025,2,11,06 UTC,FEB,2000,270.0,6.0
2025,2,11,06 UTC,FEB,3000,250.0,12.0
2025,2,11,06 UTC,FEB,4000,250.0,14.0
2025,2,11,06 UTC,FEB,5000,230.0,15.0
2025,2,12,06 UTC,FEB,SURFACE,200.0,10.0
2025,2,12,06 UTC,FEB,1000,250.0,7.0
2025,2,12,06 UTC,FEB,2000,235.0,6.0
2025,2,12,06 UTC,FEB,3000,240.0,8.0
2025,2,12,06 UTC,FEB,4000,235.0,6.0
2025,2,12,06 UTC,FEB,5000,225.0,7.0
2025,2,12,06 UTC,FEB,6000,215.0,4.0
2025,2,12,06 UTC,FEB,7000,185.0,6.0
2025,2,12,06 UTC,FEB,8000,160.0,8.0
2025,2,14,06 UTC,FEB,SURFACE,310.0,10.0
2025,2,14,06 UTC,FEB,1000,315.0,14.0
2025,2,14,06 UTC,FEB,2000,315.0,9.0
2025,2,14,06 UTC,FEB,3000,310.0,9.0
2025,2,14,06 UTC,FEB,4000,310.0,11.0
2025,2,14,06 UTC,FEB,5000,305.0,13.0
2025,2,14,06 UTC,FEB,6000,295.0,19.0
2025,2,14,06 UTC,FEB,7000,280.0,15.0
2025,2,14,06 UTC,FEB,8000,300.0,17.0
2025,2,14,06 UTC,FEB,9000,295.0,14.0
2025,2,15,06 UTC,FEB,SURFACE,320.0,5.0
2025,2,15,06 UTC,FEB,1000,310.0,6.0
2025,2,15,06 UTC,FEB,2000,315.0,5.0
2025,2,15,06 UTC,FEB,3000,305.0,5.0
2025,2,15,06 UTC,FEB,4000,325.0,7.0
2025,2,15,06 UTC,FEB,5000,350.0,8.0
2025,2,15,06 UTC,FEB,6000,10.0,9.0
2025,2,15,06 UTC,FEB,7000,35.0,9.0
2025,2,15,06 UTC,FEB,8000,50.0,9.0
2025,2,15,06 UTC,FEB,9000,330.0,4.0
2025,2,16,06 UTC,FEB,SURFACE,230.0,9.0
2025,2,16,06 UTC,FEB,1000,220.0,4.0
2025,2,16,06 UTC,FEB,2000,230.0,4.0
2025,2,16,06 UTC,FEB,3000,220.0,5.0
2025,2,16,06 UTC,FEB,4000,250.0,5.0
2025,2,16,06 UTC,FEB,5000,260.0,7.0
2025,2,16,06 UTC,FEB,6000,250.0,8.0
2025,2,16,06 UTC,FEB,7000,270.0,8.0
2025,2,16,06 UTC,FEB,8000,260.0,9.0
2025,2,16,06 UTC,FEB,9000,270.0,11.0
2025,2,17,06 UTC,FEB,SURFACE,210.0,5.0
2025,2,17,06 UTC,FEB,1000,255.0,5.0
2025,2,17,06 UTC,FEB,2000,265.0,6.0
2025,2,17,06 UTC,FEB,3000,275.0,4.0
2025,2,17,06 UTC,FEB,4000,275.0,3.0
2025,2,17,06 UTC,FEB,5000,295.0,4.0
2025,2,17,06 UTC,FEB,6000,285.0,6.0
2025,2,17,06 UTC,FEB,7000,280.0,6.0
2025,2,17,06 UTC,FEB,8000,290.0,6.0
2025,2,17,06 UTC,FEB,9000,305.0,4.0
2025,2,17,06 UTC,FEB,10000,305.0,5.0
2025,2,18,06 UTC,FEB,SURFACE,160.0,2.0
2025,2,18,06 UTC,FEB,1000,75.0,1.0
2025,2,18,06 UTC,FEB,2000,310.0,5.0
2025,2,18,06 UTC,FEB,3000,320.0,5.0
2025,2,18,06 UTC,FEB,4000,305.0,6.0
2025,2,18,06 UTC,FEB,5000,275.0,8.0
2025,2,18,06 UTC,FEB,6000,270.0,8.0
2025,2,18,06 UTC,FEB,7000,295.0,8.0
2025,2,19,06 UTC,FEB,SURFACE,70.0,6.0
2025,2,19,06 UTC,FEB,1000,10.0,3.0
2025,2,19,06 UTC,FEB,2000,295.0,7.0
2025,2,19,06 UTC,FEB,3000,285.0,6.0
2025,2,19,06 UTC,FEB,4000,260.0,7.0
2025,2,19,06 UTC,FEB,5000,265.0,8.0
2025,2,20,06 UTC,FEB,SURFACE,180.0,4.0
2025,2,20,06 UTC,FEB,1000,205.0,3.0
2025,2,20,06 UTC,FEB,2000,160.0,3.0
2025,2,20,06 UTC,FEB,3000,240.0,4.0
2025,2,20,06 UTC,FEB,4000,255.0,5.0
2025,2,20,06 UTC,FEB,5000,275.0,6.0
2025,2,20,06 UTC,FEB,6000,280.0,5.0
2025,2,20,06 UTC,FEB,7000,270.0,6.0
2025,2,21,06 UTC,FEB,SURFACE,100.0,7.0
2025,2,21,06 UTC,FEB,1000,280.0,5.0
2025,2,21,06 UTC,FEB,2000,345.0,1.0
2025,2,21,06 UTC,FEB,3000,265.0,3.0
2025,2,21,06 UTC,FEB,4000,245.0,3.0
2025,2,21,06 UTC,FEB,5000,265.0,3.0
2025,2,21,06 UTC,FEB,6000,45.0,1.0
2025,2,21,06 UTC,FEB,7000,15.0,2.0
2025,2,22,06 UTC,FEB,SURFACE,270.0,6.0
2025,2,22,06 UTC,FEB,1000,295.0,4.0
2025,2,22,06 UTC,FEB,2000,275.0,2.0
2025,2,22,06 UTC,FEB,3000,260.0,3.0
2025,2,22,06 UTC,FEB,4000,270.0,3.0
2025,2,22,06 UTC,FEB,5000,260.0,4.0
2025,2,22,06 UTC,FEB,6000,265.0,3.0
2025,2,22,06 UTC,FEB,7000,295.0,3.0
2025,2,22,06 UTC,FEB,8000,295.0,4.0
2025,2,22,06 UTC,FEB,9000,285.0,4.0
2025,2,22,06 UTC,FEB,10000,295.0,3.0
2025,2,23,06 UTC,FEB,SURFACE,100.0,3.0
2025,2,23,06 UTC,FEB,1000,40.0,3.0
2025,2,23,06 UTC,FEB,2000,295.0,7.0
2025,2,23,06 UTC,FEB,3000,310.0,6.0
2025,2,23,06 UTC,FEB,4000,310.0,8.0
2025,2,23,06 UTC,FEB,5000,305.0,7.0
2025,2,24,06 UTC,FEB,SURFACE,270.0,5.0
2025,2,24,06 UTC,FEB,1000,275.0,4.0
2025,2,24,06 UTC,FEB,2000,280.0,7.0
2025,2,24,06 UTC,FEB,3000,310.0,5.0
2025,2,24,06 UTC,FEB,4000,310.0,3.0
2025,2,24,06 UTC,FEB,5000,300.0,1.0
2025,2,25,06 UTC,FEB,SURFACE,70.0,3.0
2025,2,25,06 UTC,FEB,1000,50.0,2.0
2025,2,25,06 UTC,FEB,2000,10.0,2.0
2025,2,25,06 UTC,FEB,3000,345.0,1.0
2025,2,25,06 UTC,FEB,4000,30.0,1.0
2025,2,25,06 UTC,FEB,5000,5.0,1.0
2025,2,25,06 UTC,FEB,6000,130.0,2.0
2025,2,25,06 UTC,FEB,7000,55.0,2.0
2025,2,25,06 UTC,FEB,8000,90.0,5.0
2025,2,25,06 UTC,FEB,9000,85.0,4.0
2025,2,25,06 UTC,FEB,10000,85.0,4.0
2025,2,26,06 UTC,FEB,SURFACE,120.0,3.0
2025,2,27,06 UTC,FEB,SURFACE,80.0,4.0
2025,2,27,06 UTC,FEB,1000,105.0,2.0
2025,2,27,06 UTC,FEB,2000,120.0,2.0
2025,2,27,06 UTC,FEB,3000,165.0,2.0
2025,2,27,06 UTC,FEB,4000,195.0,2.0
2025,2,27,06 UTC,FEB,5000,215.0,1.0
2025,2,27,06 UTC,FEB,6000,220.0,1.0
2025,2,27,06 UTC,FEB,7000,180.0,1.0
2025,2,27,06 UTC,FEB,8000,115.0,2.0
2025,2,28,06 UTC,FEB,SURFACE,80.0,2.0
2025,2,28,06 UTC,FEB,1000,36.0,3.0
2025,2,28,06 UTC,FEB,2000,340.0,4.0
2025,2,28,06 UTC,FEB,3000,355.0,3.0
2025,2,28,06 UTC,FEB,4000,95.0,2.0
2025,2,28,06 UTC,FEB,5000,130.0,5.0
2025,2,28,06 UTC,FEB,6000,105.0,4.0
2025,3,1,06 UTC,MAR,SURFACE,60.0,4.0
2025,3,1,06 UTC,MAR,1000,75.0,10.0
2025,3,1,06 UTC,MAR,2000,105.0,10.0
2025,3,1,06 UTC,MAR,3000,85.0,1.0
2025,3,1,06 UTC,MAR,4000,100.0,3.0
2025,3,1,06 UTC,MAR,5000,80.0,5.0
2025,3,1,06 UTC,MAR,6000,50.0,3.0
2025,3,1,06 UTC,MAR,7000,340.0,3.0
2025,3,1,06 UTC,MAR,8000,45.0,1.0
2025,3,1,06 UTC,MAR,9000,330.0,2.0
2025,3,1,06 UTC,MAR,10000,360.0,2.0
2025,3,2,06 UTC,MAR,SURFACE,50.0,5.0
2025,3,2,06 UTC,MAR,1000,130.0,2.0
2025,3,2,06 UTC,MAR,2000,135.0,3.0
2025,3,2,06 UTC,MAR,3000,145.0,3.0
2025,3,2,06 UTC,MAR,4000,110.0,5.0
2025,3,2,06 UTC,MAR,5000,110.0,4.0
2025,3,2,06 UTC,MAR,6000,80.0,3.0
2025,3,2,06 UTC,MAR,7000,115.0,3.0
2025,3,2,06 UTC,MAR,8000,170.0,4.0
2025,3,3,06 UTC,MAR,SURFACE,130.0,3.0
2025,3,3,06 UTC,MAR,1000,90.0,3.0
2025,3,3,06 UTC,MAR,2000,80.0,4.0
2025,3,3,06 UTC,MAR,3000,70.0,3.0
2025,3,3,06 UTC,MAR,4000,120.0,2.0
2025,3,3,06 UTC,MAR,5000,140.0,2.0
2025,3,3,06 UTC,MAR,6000,70.0,5.0
2025,3,3,06 UTC,MAR,7000,70.0,5.0
2025,3,3,06 UTC,MAR,8000,60.0,8.0
2025,3,4,06 UTC,MAR,SURFACE,110.0,4.0
2025,3,4,06 UTC,MAR,1000,80.0,2.0
2025,3,4,06 UTC,MAR,2000,65.0,4.0
2025,3,4,06 UTC,MAR,3000,80.0,4.0
2025,3,4,06 UTC,MAR,4000,70.0,3.0
2025,3,4,06 UTC,MAR,5000,55.0,4.0
2025,3,4,06 UTC,MAR,6000,55.0,4.0
2025,3,4,06 UTC,MAR,7000,80.0,5.0
2025,3,4,06 UTC,MAR,8000,75.0,5.0
2025,3,4,06 UTC,MAR,9000,70.0,5.0
2025,3,4,06 UTC,MAR,10000,100.0,4.0
2025,3,5,06 UTC,MAR,SURFACE,75.0,8.0
2025,3,5,06 UTC,MAR,1000,120.0,3.0
2025,3,5,06 UTC,MAR,2000,80.0,5.0
2025,3,5,06 UTC,MAR,3000,125.0,7.0
2025,3,5,06 UTC,MAR,4000,100.0,12.0
2025,3,5,06 UTC,MAR,5000,35.0,2.0
2025,3,5,06 UTC,MAR,6000,90.0,20.0
2025,3,5,06 UTC,MAR,7000,90.0,10.0
2025,3,6,06 UTC,MAR,SURFACE,230.0,2.0
2025,3,6,06 UTC,MAR,1000,55.0,4.0
2025,3,6,06 UTC,MAR,2000,140.0,2.0
2025,3,6,06 UTC,MAR,3000,185.0,3.0
2025,3,6,06 UTC,MAR,4000,130.0,2.0
2025,3,6,06 UTC,MAR,5000,120.0,3.0
2025,3,7,06 UTC,MAR,SURFACE,90.0,3.0
2025,3,7,06 UTC,MAR,1000,130.0,1.0
2025,3,7,06 UTC,MAR,2000,170.0,3.0
2025,3,7,06 UTC,MAR,3000,160.0,3.0
2025,3,7,06 UTC,MAR,4000,135.0,2.0
2025,3,7,06 UTC,MAR,5000,95.0,7.0
2025,3,7,06 UTC,MAR,6000,90.0,8.0
2025,3,7,06 UTC,MAR,7000,85.0,6.0
2025,3,8,06 UTC,MAR,SURFACE,330.0,6.0
2025,3,8,06 UTC,MAR,1000,320.0,5.0
2025,3,8,06 UTC,MAR,2000,40.0,6.0
2025,3,8,06 UTC,MAR,3000,95.0,6.0
2025,3,8,06 UTC,MAR,4000,105.0,6.0
2025,3,8,06 UTC,MAR,5000,80.0,5.0
2025,3,8,06 UTC,MAR,6000,75.0,5.0
2025,3,8,06 UTC,MAR,7000,35.0,3.0
2025,3,8,06 UTC,MAR,8000,30.0,6.0
2025,3,9,06 UTC,MAR,SURFACE,60.0,4.0
2025,3,9,06 UTC,MAR,1000,45.0,3.0
2025,3,9,06 UTC,MAR,2000,35.0,4.0
2025,3,9,06 UTC,MAR,3000,75.0,3.0
2025,3,9,06 UTC,MAR,4000,50.0,3.0
2025,3,9,06 UTC,MAR,5000,25.0,5.0
2025,3,9,06 UTC,MAR,6000,50.0,5.0
2025,3,9,06 UTC,MAR,7000,45.0,3.0
2025,3,9,06 UTC,MAR,8000,20.0,4.0
2025,3,10,06 UTC,MAR,SURFACE,320.0,13.0
2025,3,10,06 UTC,MAR,1000,340.0,31.0
2025,3,10,06 UTC,MAR,2000,330.0,18.0
2025,3,10,06 UTC,MAR,3000,350.0,7.0
2025,3,10,06 UTC,MAR,4000,340.0,18.0
2025,3,10,06 UTC,MAR,5000,320.0,14.0
2025,3,11,06 UTC,MAR,SURFACE,120.0,6.0
2025,3,11,06 UTC,MAR,1000,10.0,1.0
2025,3,11,06 UTC,MAR,2000,20.0,2.0
2025,3,11,06 UTC,MAR,3000,315.0,6.0
2025,3,11,06 UTC,MAR,4000,300.0,7.0
2025,3,11,06 UTC,MAR,5000,325.0,7.0
2025,3,13,06 UTC,MAR,SURFACE,80.0,7.0
2025,3,13,06 UTC,MAR,1000,60.0,5.0
2025,3,13,06 UTC,MAR,2000,85.0,4.0
2025,3,13,06 UTC,MAR,3000,90.0,4.0
2025,3,13,06 UTC,MAR,4000,110.0,3.0
2025,3,13,06 UTC,MAR,5000,145.0,4.0
2025,3,13,06 UTC,MAR,6000,150.0,3.0
2025,3,13,06 UTC,MAR,7000,55.0,6.0
2025,3,13,06 UTC,MAR,8000,40.0,7.0
2025,3,14,06 UTC,MAR,SURFACE,340.0,7.0
2025,3,14,06 UTC,MAR,1000,5.0,1.0
2025,3,14,06 UTC,MAR,2000,65.0,1.0
2025,3,14,06 UTC,MAR,3000,100.0,2.0
2025,3,14,06 UTC,MAR,4000,0.0,0.0
2025,3,14,06 UTC,MAR,5000,275.0,1.0
2025,3,14,06 UTC,MAR,6000,230.0,2.0
2025,3,14,06 UTC,MAR,7000,225.0,1.0
2025,3,15,06 UTC,MAR,SURFACE,260.0,5.0
2025,3,15,06 UTC,MAR,1000,350.0,3.0
2025,3,15,06 UTC,MAR,2000,355.0,4.0
2025,3,15,06 UTC,MAR,3000,280.0,1.0
2025,3,15,06 UTC,MAR,4000,300.0,2.0
2025,3,16,06 UTC,MAR,SURFACE,100.0,5.0
2025,3,16,06 UTC,MAR,1000,285.0,6.0
2025,3,16,06 UTC,MAR,2000,280.0,6.0
2025,3,16,06 UTC,MAR,3000,275.0,10.0
2025,3,16,06 UTC,MAR,4000,205.0,10.0
2025,3,16,06 UTC,MAR,5000,240.0,11.0
2025,3,17,06 UTC,MAR,SURFACE,240.0,6.0
2025,3,17,06 UTC,MAR,1000,280.0,8.0
2025,3,17,06 UTC,MAR,2000,350.0,11.0
2025,3,17,06 UTC,MAR,3000,250.0,10.0
2025,3,17,06 UTC,MAR,4000,295.0,9.0
2025,3,17,06 UTC,MAR,5000,300.0,10.0
2025,3,17,06 UTC,MAR,6000,300.0,13.0
2025,3,17,06 UTC,MAR,7000,290.0,12.0
2025,3,17,06 UTC,MAR,8000,275.0,12.0
2025,3,17,06 UTC,MAR,9000,285.0,12.0
2025,3,18,06 UTC,MAR,SURFACE,310.0,1.0
2025,3,18,06 UTC,MAR,1000,115.0,14.0
2025,3,18,06 UTC,MAR,2000,125.0,9.0
2025,3,18,06 UTC,MAR,3000,130.0,15.0
2025,3,18,06 UTC,MAR,4000,145.0,16.0
2025,3,18,06 UTC,MAR,5000,165.0,7.0
2025,3,18,06 UTC,MAR,6000,80.0,9.0
2025,3,18,06 UTC,MAR,7000,50.0,7.0
2025,3,18,06 UTC,MAR,8000,145.0,23.0
2025,3,19,06 UTC,MAR,SURFACE,90.0,3.0
2025,3,19,06 UTC,MAR,1000,175.0,4.0
2025,3,19,06 UTC,MAR,2000,200.0,4.0
2025,3,19,06 UTC,MAR,3000,235.0,2.0
2025,3,19,06 UTC,MAR,4000,240.0,6.0
2025,3,19,06 UTC,MAR,5000,240.0,13.0
2025,3,19,06 UTC,MAR,6000,235.0,13.0
2025,3,19,06 UTC,MAR,7000,215.0,7.0
2025,3,20,06 UTC,MAR,SURFACE,250.0,12.0
2025,3,20,06 UTC,MAR,1000,280.0,5.0
2025,3,20,06 UTC,MAR,2000,250.0,13.0
2025,3,20,06 UTC,MAR,3000,235.0,8.0
2025,3,20,06 UTC,MAR,4000,273.0,6.0
2025,3,21,06 UTC,MAR,SURFACE,280.0,10.0
2025,3,21,06 UTC,MAR,1000,295.0,11.0
2025,3,21,06 UTC,MAR,2000,275.0,19.0
2025,3,21,06 UTC,MAR,3000,280.0,16.0
2025,3,21,06 UTC,MAR,4000,255.0,8.0
2025,3,21,06 UTC,MAR,5000,260.0,13.0
2025,3,22,06 UTC,MAR,SURFACE,290.0,9.0
2025,3,22,06 UTC,MAR,1000,285.0,36.0
2025,3,22,06 UTC,MAR,2000,310.0,7.0
2025,3,22,06 UTC,MAR,3000,290.0,10.0
2025,3,22,06 UTC,MAR,4000,220.0,25.0
2025,3,22,06 UTC,MAR,5000,255.0,21.0
2025,3,22,06 UTC,MAR,6000,250.0,30.0
2025,3,22,06 UTC,MAR,7000,245.0,27.0
2025,3,22,06 UTC,MAR,8000,245.0,21.0
2025,3,22,06 UTC,MAR,9000,220.0,17.0
2025,3,22,06 UTC,MAR,10000,220.0,17.0
2025,3,22,06 UTC,MAR,11000,230.0,19.0
2025,3,22,06 UTC,MAR,12000,230.0,28.0
2025,3,22,06 UTC,MAR,13000,235.0,25.0
2025,3,23,06 UTC,MAR,SURFACE,290.0,9.0
2025,3,23,06 UTC,MAR,1000,305.0,18.0
2025,3,23,06 UTC,MAR,2000,280.0,16.0
2025,3,23,06 UTC,MAR,3000,275.0,18.0
2025,3,23,06 UTC,MAR,4000,260.0,18.0
2025,3,23,06 UTC,MAR,5000,230.0,12.0
2025,3,23,06 UTC,MAR,6000,200.0,17.0
2025,3,23,06 UTC,MAR,7000,290.0,19.0
2025,3,23,06 UTC,MAR,8000,255.0,18.0
2025,3,24,06 UTC,MAR,SURFACE,280.0,8.0
2025,3,24,06 UTC,MAR,1000,290.0,11.0
2025,3,24,06 UTC,MAR,2000,280.0,8.0
2025,3,24,06 UTC,MAR,3000,260.0,11.0
2025,3,24,06 UTC,MAR,4000,260.0,10.0
2025,3,24,06 UTC,MAR,5000,265.0,10.0
2025,3,24,06 UTC,MAR,6000,250.0,11.0
2025,3,24,06 UTC,MAR,7000,245.0,10.0
2025,3,25,06 UTC,MAR,SURFACE,295.0,8.0
2025,3,25,06 UTC,MAR,1000,280.0,24.0
2025,3,25,06 UTC,MAR,2000,295.0,15.0
2025,3,25,06 UTC,MAR,3000,310.0,93.0
2025,3,25,06 UTC,MAR,4000,280.0,21.0
2025,3,25,06 UTC,MAR,5000,280.0,16.0
2025,3,26,06 UTC,MAR,SURFACE,250.0,7.0
2025,3,26,06 UTC,MAR,1000,310.0,4.0
2025,3,26,06 UTC,MAR,2000,305.0,16.0
2025,3,26,06 UTC,MAR,3000,290.0,27.0
2025,3,26,06 UTC,MAR,4000,280.0,23.0
2025,3,26,06 UTC,MAR,5000,280.0,21.0
2025,3,27,06 UTC,MAR,SURFACE,320.0,5.0
2025,3,27,06 UTC,MAR,1000,300.0,7.0
2025,3,27,06 UTC,MAR,2000,300.0,10.0
2025,3,27,06 UTC,MAR,3000,295.0,7.0
2025,3,27,06 UTC,MAR,4000,305.0,7.0
2025,3,27,06 UTC,MAR,5000,315.0,6.0
2025,3,27,06 UTC,MAR,6000,325.0,6.0
2025,3,28,06 UTC,MAR,SURFACE,300.0,5.0
2025,3,28,06 UTC,MAR,1000,320.0,7.0
2025,3,28,06 UTC,MAR,2000,310.0,8.0
2025,3,28,06 UTC,MAR,3000,320.0,7.0
2025,3,28,06 UTC,MAR,4000,295.0,7.0
2025,3,28,06 UTC,MAR,5000,280.0,6.0
2025,3,28,06 UTC,MAR,6000,295.0,9.0
2025,3,28,06 UTC,MAR,7000,280.0,10.0
2025,3,28,06 UTC,MAR,8000,270.0,11.0
2025,3,29,06 UTC,MAR,SURFACE,280.0,3.0
2025,3,29,06 UTC,MAR,1000,215.0,5.0
2025,3,29,06 UTC,MAR,2000,255.0,7.0
2025,3,29,06 UTC,MAR,3000,260.0,8.0
2025,3,29,06 UTC,MAR,4000,245.0,6.0
2025,3,29,06 UTC,MAR,5000,250.0,8.0
2025,3,29,06 UTC,MAR,6000,260.0,10.0
2025,3,29,06 UTC,MAR,7000,255.0,8.0
2025,3,29,06 UTC,MAR,8000,245.0,7.0
2025,3,29,06 UTC,MAR,9000,255.0,8.0
2025,3,29,06 UTC,MAR,10000,245.0,8.0
2025,3,30,06 UTC,MAR,SURFACE,130.0,8.0
2025,3,30,06 UTC,MAR,1000,280.0,8.0
2025,3,30,06 UTC,MAR,2000,285.0,9.0
2025,3,30,06 UTC,MAR,3000,290.0,10.0
2025,3,30,06 UTC,MAR,4000,270.0,10.0
2025,3,30,06 UTC,MAR,5000,295.0,6.0
2025,3,30,06 UTC,MAR,6000,280.0,18.0
2025,3,30,06 UTC,MAR,7000,285.0,27.0
2025,3,31,06 UTC,MAR,SURFACE,100.0,4.0
2025,3,31,06 UTC,MAR,1000,60.0,3.0
2025,3,31,06 UTC,MAR,2000,55.0,2.0
2025,3,31,06 UTC,MAR,3000,340.0,8.0
2025,3,31,06 UTC,MAR,4000,10.0,9.0
2025,3,31,06 UTC,MAR,5000,10.0,5.0
2025,3,31,06 UTC,MAR,6000,355.0,9.0
2025,3,31,06 UTC,MAR,7000,320.0,10.0
2025,4,1,06 UTC,APR,SURFACE,170.0,2.0
2025,4,1,06 UTC,APR,1000,185.0,3.0
2025,4,1,06 UTC,APR,2000,185.0,6.0
2025,4,1,06 UTC,APR,3000,215.0,2.0
2025,4,1,06 UTC,APR,4000,255.0,5.0
2025,4,1,06 UTC,APR,5000,245.0,5.0
2025,4,1,06 UTC,APR,6000,250.0,5.0
2025,4,1,06 UTC,APR,7000,255.0,6.0
2025,4,1,06 UTC,APR,8000,280.0,5.0
2025,4,1,06 UTC,APR,9000,295.0,3.0
2025,4,1,06 UTC,APR,10000,305.0,3.0
2025,4,2,06 UTC,APR,SURFACE,60.0,4.0
2025,4,2,06 UTC,APR,1000,55.0,2.0
2025,4,2,06 UTC,APR,2000,40.0,4.0
2025,4,2,06 UTC,APR,3000,20.0,3.0
2025,4,2,06 UTC,APR,4000,340.0,4.0
2025,4,2,06 UTC,APR,5000,320.0,3.0
2025,4,2,06 UTC,APR,6000,295.0,3.0
2025,4,2,06 UTC,APR,7000,285.0,7.0
2025,4,2,06 UTC,APR,8000,295.0,9.0
2025,4,3,06 UTC,APR,SURFACE,120.0,4.0
2025,4,3,06 UTC,APR,1000,85.0,1.0
2025,4,3,06 UTC,APR,2000,355.0,2.0
2025,4,3,06 UTC,APR,3000,255.0,1.0
2025,4,3,06 UTC,APR,4000,280.0,3.0
2025,4,3,06 UTC,APR,5000,260.0,5.0
2025,4,3,06 UTC,APR,6000,275.0,4.0
2025,4,3,06 UTC,APR,7000,255.0,4.0
2025,4,3,06 UTC,APR,8000,260.0,5.0
2025,4,4,06 UTC,APR,SURFACE,90.0,3.0
2025,4,4,06 UTC,APR,1000,95.0,4.0
2025,4,4,06 UTC,APR,2000,100.0,5.0
2025,4,4,06 UTC,APR,3000,110.0,5.0
2025,4,4,06 UTC,APR,4000,110.0,6.0
2025,4,5,06 UTC,APR,SURFACE,80.0,5.0
2025,4,5,06 UTC,APR,1000,75.0,1.0
2025,4,5,06 UTC,APR,2000,50.0,2.0
2025,4,5,06 UTC,APR,3000,5.0,4.0
2025,4,5,06 UTC,APR,4000,260.0,4.0
2025,4,5,06 UTC,APR,5000,350.0,6.0
2025,4,6,06 UTC,APR,SURFACE,70.0,3.0
2025,4,6,06 UTC,APR,1000,110.0,4.0
2025,4,6,06 UTC,APR,2000,155.0,2.0
2025,4,6,06 UTC,APR,3000,175.0,3.0
2025,4,6,06 UTC,APR,4000,215.0,2.0
2025,4,6,06 UTC,APR,5000,250.0,3.0
2025,4,6,06 UTC,APR,6000,240.0,5.0
2025,4,6,06 UTC,APR,7000,235.0,7.0
2025,4,6,06 UTC,APR,8000,240.0,5.0
2025,4,7,06 UTC,APR,SURFACE,70.0,6.0
2025,4,7,06 UTC,APR,1000,60.0,4.0
2025,4,7,06 UTC,APR,2000,70.0,4.0
2025,4,7,06 UTC,APR,3000,105.0,4.0
2025,4,7,06 UTC,APR,4000,120.0,5.0
2025,4,7,06 UTC,APR,5000,140.0,6.0
2025,4,7,06 UTC,APR,6000,145.0,3.0
2025,4,7,06 UTC,APR,7000,130.0,4.0
2025,4,7,06 UTC,APR,8000,155.0,6.0
2025,4,7,06 UTC,APR,9000,145.0,5.0
2025,4,7,06 UTC,APR,10000,125.0,6.0
2025,4,7,06 UTC,APR,11000,105.0,6.0
2025,4,7,06 UTC,APR,12000,105.0,5.0
2025,4,8,06 UTC,APR,SURFACE,140.0,1.0
2025,4,8,06 UTC,APR,1000,125.0,3.0
2025,4,8,06 UTC,APR,2000,80.0,3.0
2025,4,8,06 UTC,APR,3000,90.0,3.0
2025,4,8,06 UTC,APR,4000,80.0,4.0
2025,4,8,06 UTC,APR,5000,80.0,4.0
2025,4,8,06 UTC,APR,6000,80.0,4.0
2025,4,8,06 UTC,APR,7000,95.0,6.0
2025,4,8,06 UTC,APR,8000,75.0,6.0
2025,4,8,06 UTC,APR,9000,80.0,7.0
2025,4,8,06 UTC,APR,10000,80.0,9.0
2025,4,8,06 UTC,APR,11000,100.0,7.0
2025,4,9,06 UTC,APR,SURFACE,50.0,1.0
2025,4,9,06 UTC,APR,1000,55.0,6.0
2025,4,9,06 UTC,APR,2000,50.0,6.0
2025,4,9,06 UTC,APR,3000,55.0,7.0
2025,4,9,06 UTC,APR,4000,65.0,7.0
2025,4,9,06 UTC,APR,5000,70.0,8.0
2025,4,9,06 UTC,APR,6000,85.0,10.0
2025,4,10,06 UTC,APR,SURFACE,70.0,6.0
2025,4,10,06 UTC,APR,1000,50.0,8.0
2025,4,10,06 UTC,APR,2000,270.0,3.0
2025,4,10,06 UTC,APR,3000,35.0,2.0
2025,4,10,06 UTC,APR,4000,45.0,6.0
2025,4,10,06 UTC,APR,5000,60.0,6.0
2025,4,10,06 UTC,APR,6000,80.0,3.0
2025,4,10,06 UTC,APR,7000,80.0,4.0
2025,4,10,06 UTC,APR,8000,155.0,3.0
2025,4,10,06 UTC,APR,9000,115.0,3.0
2025,4,11,06 UTC,APR,SURFACE,40.0,3.0
2025,4,11,06 UTC,APR,1000,55.0,5.0
2025,4,11,06 UTC,APR,2000,5.0,3.0
2025,4,11,06 UTC,APR,3000,5.0,7.0
2025,4,11,06 UTC,APR,4000,5.0,6.0
2025,4,11,06 UTC,APR,5000,10.0,9.0
2025,4,11,06 UTC,APR,6000,5.0,8.0
2025,4,12,06 UTC,APR,SURFACE,83.0,6.0
2025,4,12,06 UTC,APR,1000,315.0,5.0
2025,4,12,06 UTC,APR,2000,290.0,11.0
2025,4,12,06 UTC,APR,3000,260.0,6.0
2025,4,12,06 UTC,APR,4000,270.0,6.0
2025,4,12,06 UTC,APR,5000,215.0,2.0
2025,4,12,06 UTC,APR,6000,260.0,3.0
2025,4,12,06 UTC,APR,7000,260.0,5.0
2025,4,12,06 UTC,APR,8000,125.0,3.0
2025,4,12,06 UTC,APR,9000,175.0,4.0
2025,4,12,06 UTC,APR,10000,210.0,1.0
2025,4,12,06 UTC,APR,11000,185.0,2.0
2025,4,12,06 UTC,APR,12000,260.0,4.0
2025,4,12,06 UTC,APR,13000,270.0,2.0
2025,4,12,06 UTC,APR,14000,270.0,10.0
2025,4,12,06 UTC,APR,15000,265.0,8.0
2025,4,13,06 UTC,APR,SURFACE,95.0,4.0
2025,4,13,06 UTC,APR,1000,355.0,2.0
2025,4,13,06 UTC,APR,2000,25.0,3.0
2025,4,13,06 UTC,APR,3000,15.0,3.0
2025,4,13,06 UTC,APR,4000,15.0,4.0
2025,4,14,06 UTC,APR,SURFACE,95.0,4.0
2025,4,14,06 UTC,APR,1000,355.0,2.0
2025,4,14,06 UTC,APR,2000,25.0,3.0
2025,4,14,06 UTC,APR,3000,15.0,3.0
2025,4,14,06 UTC,APR,4000,15.0,4.0
2025,4,15,06 UTC,APR,SURFACE,130.0,7.0
2025,4,15,06 UTC,APR,1000,120.0,6.0
2025,4,15,06 UTC,APR,2000,130.0,9.0
2025,4,15,06 UTC,APR,3000,150.0,8.0
2025,4,15,06 UTC,APR,4000,170.0,5.0
2025,4,15,06 UTC,APR,5000,205.0,6.0
2025,4,16,06 UTC,APR,SURFACE,90.0,4.0
2025,4,16,06 UTC,APR,1000,80.0,5.0
2025,4,16,06 UTC,APR,2000,60.0,4.0
2025,4,16,06 UTC,APR,3000,40.0,5.0
2025,4,16,06 UTC,APR,4000,35.0,5.0
2025,4,16,06 UTC,APR,5000,30.0,4.0
2025,4,16,06 UTC,APR,6000,55.0,4.0
2025,4,17,06 UTC,APR,SURFACE,30.0,3.0
2025,4,17,06 UTC,APR,1000,40.0,2.0
2025,4,17,06 UTC,APR,2000,30.0,2.0
2025,4,17,06 UTC,APR,3000,55.0,2.0
2025,4,17,06 UTC,APR,4000,85.0,3.0
2025,4,17,06 UTC,APR,5000,75.0,3.0
2025,4,17,06 UTC,APR,6000,125.0,6.0
2025,4,17,06 UTC,APR,7000,95.0,5.0
2025,4,18,06 UTC,APR,SURFACE,300.0,4.0
2025,4,18,06 UTC,APR,1000,290.0,4.0
2025,4,18,06 UTC,APR,2000,300.0,4.0
2025,4,18,06 UTC,APR,3000,305.0,4.0
2025,4,18,06 UTC,APR,4000,280.0,4.0
2025,4,18,06 UTC,APR,5000,270.0,5.0
2025,4,18,06 UTC,APR,6000,270.0,5.0
2025,4,18,06 UTC,APR,7000,305.0,6.0
2025,4,18,06 UTC,APR,8000,310.0,6.0
2025,4,18,06 UTC,APR,9000,295.0,7.0
2025,4,18,06 UTC,APR,10000,305.0,7.0
2025,4,18,06 UTC,APR,11000,325.0,4.0
2025,4,19,06 UTC,APR,SURFACE,120.0,7.0
2025,4,19,06 UTC,APR,1000,140.0,5.0
2025,4,19,06 UTC,APR,2000,150.0,6.0
2025,4,19,06 UTC,APR,3000,160.0,6.0
2025,4,19,06 UTC,APR,4000,150.0,7.0
2025,4,19,06 UTC,APR,5000,135.0,6.0
2025,4,19,06 UTC,APR,6000,120.0,5.0
2025,4,20,06 UTC,APR,SURFACE,340.0,4.0
2025,4,20,06 UTC,APR,1000,330.0,6.0
2025,4,20,06 UTC,APR,2000,10.0,6.0
2025,4,20,06 UTC,APR,3000,25.0,4.0
2025,4,20,06 UTC,APR,4000,5.0,3.0
2025,4,20,06 UTC,APR,5000,315.0,5.0
2025,4,20,06 UTC,APR,6000,255.0,3.0
2025,4,20,06 UTC,APR,7000,265.0,5.0
2025,4,21,06 UTC,APR,SURFACE,90.0,4.0
2025,4,21,06 UTC,APR,1000,100.0,4.0
2025,4,21,06 UTC,APR,2000,50.0,6.0
2025,4,21,06 UTC,APR,3000,15.0,2.0
2025,4,21,06 UTC,APR,4000,345.0,5.0
2025,4,21,06 UTC,APR,5000,325.0,4.0
2025,4,21,06 UTC,APR,6000,320.0,1.0
2025,4,21,06 UTC,APR,7000,155.0,2.0
2025,4,21,06 UTC,APR,8000,110.0,2.0
2025,4,21,06 UTC,APR,9000,220.0,1.0
2025,4,21,06 UTC,APR,10000,230.0,5.0
2025,4,22,06 UTC,APR,SURFACE,100.0,4.0
2025,4,22,06 UTC,APR,1000,20.0,8.0
2025,4,22,06 UTC,APR,2000,325.0,8.0
2025,4,22,06 UTC,APR,3000,250.0,3.0
2025,4,22,06 UTC,APR,4000,185.0,8.0
2025,4,22,06 UTC,APR,5000,310.0,4.0
2025,4,22,06 UTC,APR,6000,305.0,5.0
2025,4,22,06 UTC,APR,7000,295.0,6.0
2025,4,23,06 UTC,APR,SURFACE,20.0,2.0
2025,4,23,06 UTC,APR,1000,60.0,6.0
2025,4,23,06 UTC,APR,2000,80.0,7.0
2025,4,23,06 UTC,APR,3000,75.0,7.0
2025,4,23,06 UTC,APR,4000,50.0,7.0
2025,4,23,06 UTC,APR,5000,175.0,3.0
2025,4,23,06 UTC,APR,6000,115.0,6.0
2025,4,24,06 UTC,APR,SURFACE,60.0,3.0
2025,4,24,06 UTC,APR,1000,90.0,6.0
2025,4,24,06 UTC,APR,2000,105.0,5.0
2025,4,24,06 UTC,APR,3000,120.0,1.0
2025,4,24,06 UTC,APR,4000,315.0,2.0
2025,4,24,06 UTC,APR,5000,265.0,1.0
2025,4,24,06 UTC,APR,6000,270.0,3.0
2025,4,24,06 UTC,APR,7000,280.0,5.0
2025,4,24,06 UTC,APR,8000,275.0,1.0
2025,4,24,06 UTC,APR,9000,180.0,1.0
2025,4,24,06 UTC,APR,10000,170.0,1.0
2025,4,25,06 UTC,APR,SURFACE,80.0,5.0
2025,4,25,06 UTC,APR,1000,80.0,3.0
2025,4,25,06 UTC,APR,2000,0.0,0.0
2025,4,25,06 UTC,APR,3000,130.0,1.0
2025,4,25,06 UTC,APR,4000,95.0,3.0
2025,4,26,06 UTC,APR,SURFACE,90.0,7.0
2025,4,26,06 UTC,APR,1000,80.0,8.0
2025,4,26,06 UTC,APR,2000,70.0,9.0
2025,4,26,06 UTC,APR,3000,15.0,3.0
2025,4,26,06 UTC,APR,4000,40.0,3.0
2025,4,26,06 UTC,APR,5000,15.0,6.0
2025,4,26,06 UTC,APR,6000,290.0,3.0
2025,4,26,06 UTC,APR,7000,15.0,4.0
2025,4,26,06 UTC,APR,8000,355.0,3.0
2025,4,26,06 UTC,APR,9000,45.0,3.0
2025,4,26,06 UTC,APR,10000,105.0,4.0
2025,4,26,06 UTC,APR,11000,115.0,3.0
2025,4,27,06 UTC,APR,SURFACE,120.0,3.0
2025,4,27,06 UTC,APR,1000,110.0,3.0
2025,4,27,06 UTC,APR,2000,100.0,4.0
2025,4,27,06 UTC,APR,3000,90.0,5.0
2025,4,27,06 UTC,APR,4000,85.0,6.0
2025,4,27,06 UTC,APR,5000,80.0,8.0
2025,4,27,06 UTC,APR,6000,65.0,7.0
2025,4,27,06 UTC,APR,7000,60.0,8.0
2025,4,28,06 UTC,APR,SURFACE,95.0,6.0
2025,4,28,06 UTC,APR,1000,250.0,1.0
2025,4,28,06 UTC,APR,2000,200.0,1.0
2025,4,28,06 UTC,APR,3000,270.0,2.0
2025,4,28,06 UTC,APR,4000,175.0,3.0
2025,4,28,06 UTC,APR,5000,190.0,1.0
2025,4,28,06 UTC,APR,6000,215.0,2.0
2025,4,28,06 UTC,APR,7000,145.0,3.0
2025,4,28,06 UTC,APR,8000,145.0,3.0
2025,4,28,06 UTC,APR,9000,135.0,7.0
2025,4,28,06 UTC,APR,10000,135.0,9.0
2025,4,29,06 UTC,APR,SURFACE,70.0,3.0
2025,4,29,06 UTC,APR,1000,105.0,12.0
2025,4,29,06 UTC,APR,2000,110.0,7.0
2025,4,29,06 UTC,APR,3000,115.0,9.0
2025,4,29,06 UTC,APR,4000,115.0,9.0
2025,4,29,06 UTC,APR,5000,115.0,10.0
2025,4,29,06 UTC,APR,6000,120.0,11.0
2025,4,30,06 UTC,APR,SURFACE,90.0,5.0
2025,4,30,06 UTC,APR,1000,80.0,6.0
2025,4,30,06 UTC,APR,2000,95.0,10.0
2025,4,30,06 UTC,APR,3000,100.0,11.0
2025,4,30,06 UTC,APR,4000,110.0,4.0
2025,4,30,06 UTC,APR,5000,105.0,6.0
2025,4,30,06 UTC,APR,6000,140.0,7.0
2025,4,30,06 UTC,APR,7000,105.0,9.0
2025,4,30,06 UTC,APR,8000,110.0,9.0
2025,4,30,06 UTC,APR,9000,120.0,4.0
2025,4,30,06 UTC,APR,10000,70.0,1.0
2025,4,30,06 UTC,APR,11000,65.0,1.0
2025,5,1,06 UTC,MEI,SURFACE,70.0,4.0
2025,5,1,06 UTC,MEI,1000,85.0,5.0
2025,5,1,06 UTC,MEI,2000,85.0,4.0
2025,5,1,06 UTC,MEI,3000,90.0,4.0
2025,5,1,06 UTC,MEI,4000,80.0,4.0
2025,5,1,06 UTC,MEI,5000,75.0,5.0
2025,5,1,06 UTC,MEI,6000,65.0,5.0
2025,5,1,06 UTC,MEI,7000,55.0,6.0
2025,5,1,06 UTC,MEI,8000,45.0,7.0
2025,5,1,06 UTC,MEI,9000,35.0,7.0
2025,5,1,06 UTC,MEI,10000,60.0,3.0
2025,5,2,06 UTC,MEI,SURFACE,90.0,6.0
2025,5,2,06 UTC,MEI,1000,90.0,4.0
2025,5,2,06 UTC,MEI,2000,75.0,6.0
2025,5,2,06 UTC,MEI,3000,60.0,7.0
2025,5,2,06 UTC,MEI,4000,65.0,7.0
2025,5,2,06 UTC,MEI,5000,55.0,9.0
2025,5,2,06 UTC,MEI,6000,90.0,9.0
2025,5,2,06 UTC,MEI,7000,85.0,7.0
2025,5,2,06 UTC,MEI,8000,85.0,8.0
2025,5,2,06 UTC,MEI,9000,110.0,6.0
2025,5,2,06 UTC,MEI,10000,110.0,7.0
2025,5,2,06 UTC,MEI,11000,130.0,5.0
2025,5,2,06 UTC,MEI,12000,205.0,6.0
2025,5,2,06 UTC,MEI,13000,215.0,5.0
2025,5,2,06 UTC,MEI,14000,280.0,28.0
2025,5,3,06 UTC,MEI,SURFACE,120.0,7.0
2025,5,3,06 UTC,MEI,1000,110.0,2.0
2025,5,3,06 UTC,MEI,2000,85.0,4.0
2025,5,3,06 UTC,MEI,3000,75.0,1.0
2025,5,3,06 UTC,MEI,4000,80.0,4.0
2025,5,3,06 UTC,MEI,5000,85.0,1.0
2025,5,3,06 UTC,MEI,6000,0.0,0.0
2025,5,3,06 UTC,MEI,7000,235.0,1.0
2025,5,3,06 UTC,MEI,8000,0.0,0.0
2025,5,3,06 UTC,MEI,9000,0.0,0.0
2025,5,3,06 UTC,MEI,10000,50.0,2.0
2025,5,4,06 UTC,MEI,SURFACE,120.0,6.0
2025,5,4,06 UTC,MEI,1000,125.0,6.0
2025,5,4,06 UTC,MEI,2000,120.0,6.0
2025,5,4,06 UTC,MEI,3000,100.0,11.0
2025,5,4,06 UTC,MEI,4000,95.0,12.0
2025,5,4,06 UTC,MEI,5000,95.0,12.0
2025,5,4,06 UTC,MEI,6000,90.0,9.0
2025,5,4,06 UTC,MEI,7000,90.0,11.0
2025,5,5,06 UTC,MEI,SURFACE,80.0,6.0
2025,5,5,06 UTC,MEI,1000,80.0,5.0
2025,5,5,06 UTC,MEI,2000,75.0,4.0
2025,5,5,06 UTC,MEI,3000,90.0,4.0
2025,5,5,06 UTC,MEI,4000,100.0,5.0
2025,5,5,06 UTC,MEI,5000,90.0,7.0
2025,5,5,06 UTC,MEI,6000,95.0,10.0
2025,5,6,06 UTC,MEI,SURFACE,100.0,7.0
2025,5,6,06 UTC,MEI,1000,90.0,8.0
2025,5,6,06 UTC,MEI,2000,130.0,9.0
2025,5,6,06 UTC,MEI,3000,130.0,11.0
2025,5,6,06 UTC,MEI,4000,140.0,5.0
2025,5,6,06 UTC,MEI,5000,155.0,6.0
2025,5,6,06 UTC,MEI,6000,160.0,5.0
2025,5,6,06 UTC,MEI,7000,215.0,1.0
2025,5,6,06 UTC,MEI,8000,110.0,5.0
2025,5,6,06 UTC,MEI,9000,65.0,7.0
2025,5,6,06 UTC,MEI,10000,55.0,9.0
2025,5,6,06 UTC,MEI,11000,145.0,5.0
2025,5,6,06 UTC,MEI,12000,95.0,8.0
2025,5,6,06 UTC,MEI,13000,40.0,4.0
2025,5,6,06 UTC,MEI,14000,45.0,2.0
2025,5,6,06 UTC,MEI,15000,80.0,5.0
2025,5,7,06 UTC,MEI,SURFACE,70.0,6.0
2025,5,7,06 UTC,MEI,1000,275.0,6.0
2025,5,7,06 UTC,MEI,2000,290.0,14.0
2025,5,7,06 UTC,MEI,3000,300.0,9.0
2025,5,7,06 UTC,MEI,4000,215.0,12.0
2025,5,7,06 UTC,MEI,5000,255.0,10.0
2025,5,7,06 UTC,MEI,6000,290.0,6.0
2025,5,7,06 UTC,MEI,7000,335.0,5.0
2025,5,7,06 UTC,MEI,8000,275.0,12.0
2025,5,10,06 UTC,MEI,SURFACE,80.0,5.0
2025,5,10,06 UTC,MEI,1000,100.0,4.0
2025,5,10,06 UTC,MEI,2000,90.0,3.0
2025,5,10,06 UTC,MEI,3000,35.0,4.0
2025,5,10,06 UTC,MEI,4000,145.0,3.0
2025,5,10,06 UTC,MEI,5000,165.0,5.0
2025,5,10,06 UTC,MEI,6000,235.0,5.0
2025,5,11,06 UTC,MEI,SURFACE,60.0,5.0
2025,5,11,06 UTC,MEI,1000,70.0,5.0
2025,5,11,06 UTC,MEI,2000,35.0,6.0
2025,5,11,06 UTC,MEI,3000,45.0,5.0
2025,5,11,06 UTC,MEI,4000,20.0,5.0
2025,5,11,06 UTC,MEI,5000,325.0,2.0
2025,5,11,06 UTC,MEI,6000,300.0,3.0
2025,5,11,06 UTC,MEI,7000,315.0,6.0
2025,5,11,06 UTC,MEI,8000,325.0,6.0
2025,5,11,06 UTC,MEI,9000,305.0,6.0
2025,5,11,06 UTC,MEI,10000,300.0,7.0
2025,5,11,06 UTC,MEI,11000,290.0,10.0
2025,5,11,06 UTC,MEI,12000,290.0,8.0
2025,5,11,06 UTC,MEI,13000,270.0,9.0
2025,5,11,06 UTC,MEI,14000,265.0,11.0
2025,5,12,06 UTC,MEI,SURFACE,70.0,4.0
2025,5,12,06 UTC,MEI,1000,65.0,3.0
2025,5,12,06 UTC,MEI,2000,55.0,3.0
2025,5,12,06 UTC,MEI,3000,45.0,4.0
2025,5,12,06 UTC,MEI,4000,30.0,5.0
2025,5,12,06 UTC,MEI,5000,30.0,6.0
2025,5,12,06 UTC,MEI,6000,25.0,6.0
2025,5,12,06 UTC,MEI,7000,20.0,6.0
2025,5,12,06 UTC,MEI,8000,15.0,7.0
2025,5,12,06 UTC,MEI,9000,15.0,9.0
2025,5,12,06 UTC,MEI,10000,5.0,11.0
2025,5,13,06 UTC,MEI,SURFACE,140.0,4.0
2025,5,13,06 UTC,MEI,1000,120.0,2.0
2025,5,13,06 UTC,MEI,2000,95.0,4.0
2025,5,13,06 UTC,MEI,3000,100.0,2.0
2025,5,13,06 UTC,MEI,4000,120.0,3.0
2025,5,13,06 UTC,MEI,5000,225.0,1.0
2025,5,13,06 UTC,MEI,6000,140.0,2.0
2025,5,13,06 UTC,MEI,7000,0.0,0.0
2025,5,14,06 UTC,MEI,SURFACE,90.0,5.0
2025,5,14,06 UTC,MEI,1000,90.0,8.0
2025,5,14,06 UTC,MEI,2000,95.0,9.0
2025,5,14,06 UTC,MEI,3000,130.0,9.0
2025,5,14,06 UTC,MEI,4000,130.0,11.0
2025,5,14,06 UTC,MEI,5000,130.0,8.0
2025,5,14,06 UTC,MEI,6000,90.0,11.0
2025,5,14,06 UTC,MEI,7000,70.0,9.0
2025,5,14,06 UTC,MEI,8000,60.0,9.0
2025,5,15,06 UTC,MEI,SURFACE,70.0,6.0
2025,5,15,06 UTC,MEI,1000,80.0,11.0
2025,5,15,06 UTC,MEI,2000,55.0,8.0
2025,5,15,06 UTC,MEI,3000,30.0,4.0
2025,5,15,06 UTC,MEI,4000,55.0,4.0
2025,5,15,06 UTC,MEI,5000,45.0,3.0
2025,5,16,06 UTC,MEI,SURFACE,80.0,5.0
2025,5,16,06 UTC,MEI,1000,115.0,6.0
2025,5,16,06 UTC,MEI,2000,95.0,5.0
2025,5,16,06 UTC,MEI,3000,100.0,6.0
2025,5,16,06 UTC,MEI,4000,120.0,6.0
2025,5,16,06 UTC,MEI,5000,95.0,6.0
2025,5,16,06 UTC,MEI,6000,65.0,7.0
2025,5,16,06 UTC,MEI,7000,80.0,5.0
2025,5,16,06 UTC,MEI,8000,70.0,4.0
2025,5,16,06 UTC,MEI,9000,110.0,1.0
2025,5,16,06 UTC,MEI,10000,155.0,2.0
2025,5,17,06 UTC,MEI,SURFACE,130.0,4.0
2025,5,17,06 UTC,MEI,1000,95.0,7.0
2025,5,17,06 UTC,MEI,2000,105.0,4.0
2025,5,17,06 UTC,MEI,3000,90.0,4.0
2025,5,17,06 UTC,MEI,4000,85.0,4.0
2025,5,17,06 UTC,MEI,5000,80.0,3.0
2025,5,17,06 UTC,MEI,6000,50.0,3.0
2025,5,17,06 UTC,MEI,7000,150.0,3.0
2025,5,18,06 UTC,MEI,SURFACE,120.0,7.0
2025,5,18,06 UTC,MEI,1000,105.0,5.0
2025,5,18,06 UTC,MEI,2000,85.0,6.0
2025,5,18,06 UTC,MEI,3000,100.0,5.0
2025,5,18,06 UTC,MEI,4000,85.0,4.0
2025,5,18,06 UTC,MEI,5000,65.0,4.0
2025,5,18,06 UTC,MEI,6000,70.0,2.0
2025,5,18,06 UTC,MEI,7000,75.0,3.0
2025,5,19,06 UTC,MEI,SURFACE,90.0,7.0
2025,5,19,06 UTC,MEI,1000,90.0,8.0
2025,5,19,06 UTC,MEI,2000,125.0,4.0
2025,5,19,06 UTC,MEI,3000,50.0,4.0
2025,5,19,06 UTC,MEI,4000,30.0,2.0
2025,5,19,06 UTC,MEI,5000,105.0,3.0
2025,5,19,06 UTC,MEI,6000,115.0,2.0
2025,5,19,06 UTC,MEI,7000,225.0,2.0
2025,5,19,06 UTC,MEI,8000,192.0,2.0
2025,5,19,06 UTC,MEI,9000,175.0,3.0
2025,5,19,06 UTC,MEI,10000,270.0,2.0
2025,5,20,06 UTC,MEI,SURFACE,110.0,6.0
2025,5,20,06 UTC,MEI,1000,115.0,7.0
2025,5,20,06 UTC,MEI,2000,90.0,7.0
2025,5,20,06 UTC,MEI,3000,120.0,10.0
2025,5,20,06 UTC,MEI,4000,175.0,2.0
2025,5,20,06 UTC,MEI,5000,125.0,4.0
2025,5,20,06 UTC,MEI,6000,20.0,3.0
2025,5,20,06 UTC,MEI,7000,65.0,2.0
2025,5,20,06 UTC,MEI,8000,95.0,1.0
2025,5,20,06 UTC,MEI,9000,105.0,6.0
2025,5,20,06 UTC,MEI,10000,35.0,2.0
2025,5,20,06 UTC,MEI,11000,70.0,4.0
2025,5,20,06 UTC,MEI,12000,55.0,7.0
2025,5,20,06 UTC,MEI,13000,60.0,9.0
2025,5,20,06 UTC,MEI,14000,80.0,10.0
2025,5,20,06 UTC,MEI,15000,100.0,9.0
2025,5,21,06 UTC,MEI,SURFACE,60.0,5.0
2025,5,21,06 UTC,MEI,1000,75.0,9.0
2025,5,21,06 UTC,MEI,2000,85.0,15.0
2025,5,21,06 UTC,MEI,3000,75.0,19.0
2025,5,21,06 UTC,MEI,4000,80.0,22.0
2025,5,21,06 UTC,MEI,5000,70.0,18.0
2025,5,21,06 UTC,MEI,6000,75.0,14.0
2025,5,21,06 UTC,MEI,7000,235.0,9.0
2025,5,21,06 UTC,MEI,8000,85.0,16.0
2025,5,21,06 UTC,MEI,9000,90.0,18.0
2025,5,21,06 UTC,MEI,10000,95.0,22.0
2025,5,21,06 UTC,MEI,11000,115.0,8.0
2025,5,21,06 UTC,MEI,12000,115.0,17.0
2025,5,21,06 UTC,MEI,13000,145.0,11.0
2025,5,21,06 UTC,MEI,14000,115.0,17.0
2025,5,21,06 UTC,MEI,15000,225.0,12.0
2025,5,22,06 UTC,MEI,SURFACE,50.0,4.0
2025,5,22,06 UTC,MEI,1000,70.0,5.0
2025,5,22,06 UTC,MEI,2000,50.0,5.0
2025,5,22,06 UTC,MEI,3000,80.0,4.0
2025,5,22,06 UTC,MEI,4000,95.0,4.0
2025,5,22,06 UTC,MEI,5000,10.0,4.0
2025,5,22,06 UTC,MEI,6000,105.0,4.0
2025,5,22,06 UTC,MEI,7000,110.0,2.0
2025,5,22,06 UTC,MEI,8000,160.0,3.0
2025,5,23,06 UTC,MEI,SURFACE,180.0,3.0
2025,5,24,06 UTC,MEI,SURFACE,100.0,8.0
2025,5,24,06 UTC,MEI,1000,115.0,5.0
2025,5,24,06 UTC,MEI,2000,90.0,5.0
2025,5,24,06 UTC,MEI,3000,55.0,7.0
2025,5,24,06 UTC,MEI,4000,35.0,7.0
2025,5,24,06 UTC,MEI,5000,350.0,11.0
2025,5,24,06 UTC,MEI,6000,335.0,11.0
2025,5,24,06 UTC,MEI,7000,325.0,10.0
2025,5,25,06 UTC,MEI,SURFACE,70.0,4.0
2025,5,25,06 UTC,MEI,1000,75.0,4.0
2025,5,25,06 UTC,MEI,2000,45.0,4.0
2025,5,25,06 UTC,MEI,3000,5.0,6.0
2025,5,25,06 UTC,MEI,4000,340.0,8.0
2025,5,25,06 UTC,MEI,5000,325.0,11.0
2025,5,25,06 UTC,MEI,6000,330.0,10.0
2025,5,26,06 UTC,MEI,SURFACE,260.0,3.0
2025,5,28,06 UTC,MEI,SURFACE,80.0,4.0
2025,5,28,06 UTC,MEI,1000,60.0,1.0
2025,5,28,06 UTC,MEI,2000,80.0,1.0
2025,5,28,06 UTC,MEI,3000,105.0,2.0
2025,5,28,06 UTC,MEI,4000,95.0,2.0
2025,5,28,06 UTC,MEI,5000,355.0,11.0
2025,5,28,06 UTC,MEI,6000,185.0,10.0
2025,5,28,06 UTC,MEI,7000,265.0,4.0
2025,5,28,06 UTC,MEI,8000,275.0,8.0
2025,5,29,06 UTC,MEI,SURFACE,110.0,6.0
2025,5,29,06 UTC,MEI,1000,85.0,3.0
2025,5,29,06 UTC,MEI,2000,260.0,4.0
2025,5,29,06 UTC,MEI,3000,115.0,2.0
2025,5,29,06 UTC,MEI,4000,125.0,3.0
2025,5,29,06 UTC,MEI,5000,130.0,4.0
2025,5,30,06 UTC,MEI,SURFACE,110.0,6.0
2025,5,30,06 UTC,MEI,1000,35.0,2.0
2025,5,30,06 UTC,MEI,2000,345.0,1.0
2025,5,30,06 UTC,MEI,3000,315.0,1.0
2025,5,30,06 UTC,MEI,4000,35.0,2.0
2025,5,30,06 UTC,MEI,5000,60.0,3.0
2025,5,30,06 UTC,MEI,6000,105.0,4.0
2025,5,31,06 UTC,MEI,SURFACE,80.0,6.0
2025,5,31,06 UTC,MEI,1000,70.0,10.0
2025,5,31,06 UTC,MEI,2000,65.0,7.0
2025,5,31,06 UTC,MEI,3000,45.0,7.0
2025,5,31,06 UTC,MEI,4000,50.0,6.0
2025,5,31,06 UTC,MEI,5000,25.0,10.0
2025,5,31,06 UTC,MEI,6000,35.0,9.0
2025,5,31,06 UTC,MEI,7000,100.0,8.0
2025,5,31,06 UTC,MEI,8000,105.0,7.0
2025,6,1,06 UTC,JUN,SURFACE,70.0,6.0
2025,6,1,06 UTC,JUN,1000,65.0,8.0
2025,6,1,06 UTC,JUN,2000,55.0,7.0
2025,6,1,06 UTC,JUN,3000,55.0,7.0
2025,6,1,06 UTC,JUN,4000,40.0,5.0
2025,6,1,06 UTC,JUN,5000,95.0,3.0
2025,6,1,06 UTC,JUN,6000,40.0,6.0
2025,6,1,06 UTC,JUN,7000,15.0,5.0
2025,6,2,06 UTC,JUN,SURFACE,80.0,4.0
2025,6,2,06 UTC,JUN,1000,125.0,1.0
2025,6,2,06 UTC,JUN,2000,120.0,2.0
2025,6,2,06 UTC,JUN,3000,110.0,2.0
2025,6,2,06 UTC,JUN,4000,90.0,4.0
2025,6,2,06 UTC,JUN,5000,105.0,7.0
2025,6,2,06 UTC,JUN,6000,100.0,6.0
2025,6,2,06 UTC,JUN,7000,90.0,7.0
2025,6,2,06 UTC,JUN,8000,85.0,6.0
2025,6,3,06 UTC,JUN,SURFACE,340.0,4.0
2025,6,3,06 UTC,JUN,1000,95.0,6.0
2025,6,3,06 UTC,JUN,2000,75.0,5.0
2025,6,3,06 UTC,JUN,3000,65.0,5.0
2025,6,3,06 UTC,JUN,4000,355.0,2.0
2025,6,3,06 UTC,JUN,5000,70.0,13.0
2025,6,3,06 UTC,JUN,6000,85.0,11.0
2025,6,4,06 UTC,JUN,SURFACE,80.0,4.0
2025,6,4,06 UTC,JUN,1000,90.0,4.0
2025,6,4,06 UTC,JUN,2000,95.0,4.0
2025,6,4,06 UTC,JUN,3000,70.0,8.0
2025,6,4,06 UTC,JUN,4000,60.0,8.0
2025,6,4,06 UTC,JUN,5000,65.0,8.0
2025,6,4,06 UTC,JUN,6000,100.0,8.0
2025,6,4,06 UTC,JUN,7000,150.0,7.0
2025,6,4,06 UTC,JUN,8000,135.0,5.0
2025,6,4,06 UTC,JUN,9000,120.0,9.0
2025,6,4,06 UTC,JUN,10000,70.0,11.0
2025,6,5,06 UTC,JUN,SURFACE,60.0,5.0
2025,6,5,06 UTC,JUN,1000,70.0,8.0
2025,6,5,06 UTC,JUN,2000,60.0,8.0
2025,6,5,06 UTC,JUN,3000,75.0,2.0
2025,6,5,06 UTC,JUN,4000,110.0,3.0
2025,6,5,06 UTC,JUN,5000,90.0,4.0
2025,6,5,06 UTC,JUN,6000,70.0,6.0
2025,6,5,06 UTC,JUN,7000,75.0,4.0
2025,6,5,06 UTC,JUN,8000,80.0,8.0
2025,6,5,06 UTC,JUN,9000,110.0,12.0
2025,6,5,06 UTC,JUN,10000,130.0,9.0
2025,6,5,06 UTC,JUN,11000,105.0,9.0
2025,6,6,06 UTC,JUN,SURFACE,90.0,5.0
2025,6,6,06 UTC,JUN,1000,60.0,5.0
2025,6,6,06 UTC,JUN,2000,75.0,6.0
2025,6,6,06 UTC,JUN,3000,120.0,6.0
2025,6,6,06 UTC,JUN,4000,130.0,7.0
2025,6,6,06 UTC,JUN,5000,100.0,6.0
2025,6,6,06 UTC,JUN,6000,130.0,6.0
2025,6,6,06 UTC,JUN,7000,150.0,9.0
2025,6,6,06 UTC,JUN,8000,165.0,11.0
2025,6,7,06 UTC,JUN,SURFACE,140.0,6.0
2025,6,7,06 UTC,JUN,1000,200.0,1.0
2025,6,7,06 UTC,JUN,2000,155.0,2.0
2025,6,7,06 UTC,JUN,3000,170.0,5.0
2025,6,7,06 UTC,JUN,4000,140.0,6.0
2025,6,7,06 UTC,JUN,5000,135.0,7.0
2025,6,7,06 UTC,JUN,6000,140.0,2.0
2025,6,7,06 UTC,JUN,7000,140.0,6.0
2025,6,7,06 UTC,JUN,8000,165.0,5.0
2025,6,7,06 UTC,JUN,9000,145.0,6.0
2025,6,7,06 UTC,JUN,10000,150.0,5.0
2025,6,8,06 UTC,JUN,SURFACE,100.0,10.0
2025,6,8,06 UTC,JUN,1000,105.0,5.0
2025,6,8,06 UTC,JUN,2000,115.0,8.0
2025,6,8,06 UTC,JUN,3000,115.0,14.0
2025,6,8,06 UTC,JUN,4000,125.0,10.0
2025,6,8,06 UTC,JUN,5000,125.0,11.0
2025,6,8,06 UTC,JUN,6000,135.0,9.0
2025,6,8,06 UTC,JUN,7000,135.0,8.0
2025,6,8,06 UTC,JUN,8000,150.0,11.0
2025,6,8,06 UTC,JUN,9000,135.0,11.0
2025,6,9,06 UTC,JUN,SURFACE,60.0,3.0
2025,6,9,06 UTC,JUN,1000,105.0,3.0
2025,6,9,06 UTC,JUN,2000,100.0,4.0
2025,6,9,06 UTC,JUN,3000,95.0,8.0
2025,6,9,06 UTC,JUN,4000,110.0,9.0
2025,6,9,06 UTC,JUN,5000,115.0,9.0
2025,6,9,06 UTC,JUN,6000,90.0,7.0
2025,6,10,06 UTC,JUN,SURFACE,80.0,6.0
2025,6,10,06 UTC,JUN,1000,110.0,7.0
2025,6,10,06 UTC,JUN,2000,95.0,5.0
2025,6,10,06 UTC,JUN,3000,90.0,5.0
2025,6,10,06 UTC,JUN,4000,85.0,6.0
2025,6,10,06 UTC,JUN,5000,95.0,6.0
2025,6,10,06 UTC,JUN,6000,100.0,7.0
2025,6,10,06 UTC,JUN,7000,100.0,7.0
2025,6,10,06 UTC,JUN,8000,135.0,8.0
2025,6,10,06 UTC,JUN,9000,125.0,7.0
2025,6,10,06 UTC,JUN,10000,100.0,6.0
2025,6,10,06 UTC,JUN,11000,130.0,6.0
2025,6,10,06 UTC,JUN,12000,140.0,5.0
2025,6,10,06 UTC,JUN,13000,140.0,6.0
2025,6,10,06 UTC,JUN,14000,115.0,6.0
2025,6,11,06 UTC,JUN,SURFACE,100.0,7.0
2025,6,11,06 UTC,JUN,1000,110.0,6.0
2025,6,11,06 UTC,JUN,2000,120.0,6.0
2025,6,11,06 UTC,JUN,3000,125.0,6.0
2025,6,11,06 UTC,JUN,4000,130.0,13.0
2025,6,11,06 UTC,JUN,5000,130.0,11.0
2025,6,11,06 UTC,JUN,6000,125.0,10.0
2025,6,11,06 UTC,JUN,7000,115.0,10.0
2025,6,11,06 UTC,JUN,8000,155.0,9.0
2025,6,11,06 UTC,JUN,9000,135.0,8.0
2025,6,11,06 UTC,JUN,10000,120.0,10.0
2025,6,12,06 UTC,JUN,SURFACE,90.0,2.0
2025,6,12,06 UTC,JUN,1000,115.0,2.0
2025,6,12,06 UTC,JUN,2000,110.0,5.0
2025,6,12,06 UTC,JUN,3000,95.0,7.0
2025,6,12,06 UTC,JUN,4000,105.0,8.0
2025,6,12,06 UTC,JUN,5000,105.0,8.0
2025,6,12,06 UTC,JUN,6000,125.0,4.0
2025,6,12,06 UTC,JUN,7000,135.0,5.0
2025,6,12,06 UTC,JUN,8000,130.0,3.0
2025,6,12,06 UTC,JUN,9000,225.0,1.0
2025,6,12,06 UTC,JUN,10000,360.0,3.0
2025,6,13,06 UTC,JUN,SURFACE,60.0,4.0
2025,6,13,06 UTC,JUN,1000,90.0,5.0
2025,6,13,06 UTC,JUN,2000,110.0,12.0
2025,6,13,06 UTC,JUN,3000,95.0,18.0
2025,6,13,06 UTC,JUN,4000,115.0,18.0
2025,6,13,06 UTC,JUN,5000,110.0,11.0
2025,6,13,06 UTC,JUN,6000,110.0,9.0
2025,6,13,06 UTC,JUN,7000,100.0,17.0
2025,6,13,06 UTC,JUN,8000,100.0,28.0
2025,6,14,06 UTC,JUN,SURFACE,70.0,9.0
2025,6,14,06 UTC,JUN,1000,85.0,14.0
2025,6,14,06 UTC,JUN,2000,95.0,16.0
2025,6,14,06 UTC,JUN,3000,100.0,16.0
2025,6,15,06 UTC,JUN,SURFACE,80.0,5.0
2025,6,15,06 UTC,JUN,1000,95.0,6.0
2025,6,15,06 UTC,JUN,2000,105.0,7.0
2025,6,15,06 UTC,JUN,3000,125.0,7.0
2025,6,15,06 UTC,JUN,4000,130.0,8.0
2025,6,15,06 UTC,JUN,5000,140.0,7.0
2025,6,15,06 UTC,JUN,6000,140.0,6.0
2025,6,15,06 UTC,JUN,7000,110.0,6.0
2025,6,15,06 UTC,JUN,8000,100.0,6.0
2025,6,16,06 UTC,JUN,SURFACE,100.0,9.0
2025,6,16,06 UTC,JUN,1000,160.0,7.0
2025,6,16,06 UTC,JUN,2000,145.0,5.0
2025,6,16,06 UTC,JUN,3000,170.0,6.0
2025,6,16,06 UTC,JUN,4000,225.0,10.0
2025,6,16,06 UTC,JUN,5000,195.0,6.0
2025,6,16,06 UTC,JUN,6000,110.0,12.0
2025,6,16,06 UTC,JUN,7000,110.0,10.0
2025,6,16,06 UTC,JUN,8000,45.0,16.0
2025,6,16,06 UTC,JUN,9000,95.0,11.0
2025,6,17,06 UTC,JUN,SURFACE,90.0,8.0
2025,6,17,06 UTC,JUN,1000,105.0,4.0
2025,6,17,06 UTC,JUN,2000,120.0,6.0
2025,6,17,06 UTC,JUN,3000,120.0,4.0
2025,6,17,06 UTC,JUN,4000,85.0,3.0
2025,6,17,06 UTC,JUN,5000,70.0,3.0
2025,6,17,06 UTC,JUN,6000,110.0,3.0
2025,6,17,06 UTC,JUN,7000,135.0,3.0
2025,6,17,06 UTC,JUN,8000,165.0,3.0
2025,6,17,06 UTC,JUN,9000,170.0,2.0
2025,6,17,06 UTC,JUN,10000,0.0,0.0
2025,6,18,06 UTC,JUN,SURFACE,160.0,6.0
2025,6,18,06 UTC,JUN,1000,50.0,4.0
2025,6,18,06 UTC,JUN,2000,255.0,5.0
2025,6,18,06 UTC,JUN,3000,255.0,5.0
2025,6,18,06 UTC,JUN,4000,205.0,3.0
2025,6,18,06 UTC,JUN,5000,210.0,4.0
2025,6,18,06 UTC,JUN,6000,220.0,3.0
2025,6,19,06 UTC,JUN,SURFACE,90.0,3.0
2025,6,19,06 UTC,JUN,1000,95.0,2.0
2025,6,19,06 UTC,JUN,2000,105.0,2.0
2025,6,19,06 UTC,JUN,3000,115.0,3.0
2025,6,19,06 UTC,JUN,4000,45.0,3.0
2025,6,19,06 UTC,JUN,5000,80.0,5.0
2025,6,19,06 UTC,JUN,6000,75.0,4.0
2025,6,19,06 UTC,JUN,7000,65.0,8.0
2025,6,19,06 UTC,JUN,8000,60.0,8.0
2025,6,19,06 UTC,JUN,9000,65.0,10.0
2025,6,20,06 UTC,JUN,SURFACE,70.0,5.0
2025,6,20,06 UTC,JUN,1000,60.0,7.0
2025,6,20,06 UTC,JUN,2000,70.0,7.0
2025,6,20,06 UTC,JUN,3000,95.0,8.0
2025,6,20,06 UTC,JUN,4000,95.0,11.0
2025,6,20,06 UTC,JUN,5000,80.0,9.0
2025,6,20,06 UTC,JUN,6000,70.0,7.0
2025,6,20,06 UTC,JUN,7000,70.0,5.0
2025,6,20,06 UTC,JUN,8000,45.0,2.0
2025,6,20,06 UTC,JUN,9000,65.0,2.0
2025,6,20,06 UTC,JUN,10000,120.0,1.0
2025,6,20,06 UTC,JUN,11000,45.0,2.0
2025,6,20,06 UTC,JUN,12000,10.0,6.0
2025,6,20,06 UTC,JUN,13000,360.0,6.0
2025,6,21,06 UTC,JUN,SURFACE,120.0,6.0
2025,6,21,06 UTC,JUN,1000,105.0,5.0
2025,6,21,06 UTC,JUN,2000,90.0,6.0
2025,6,21,06 UTC,JUN,3000,125.0,6.0
2025,6,21,06 UTC,JUN,4000,125.0,7.0
2025,6,21,06 UTC,JUN,5000,50.0,8.0
2025,6,21,06 UTC,JUN,6000,50.0,10.0
2025,6,21,06 UTC,JUN,7000,60.0,8.0
2025,6,21,06 UTC,JUN,8000,25.0,11.0
2025,6,21,06 UTC,JUN,9000,30.0,11.0
2025,6,22,06 UTC,JUN,SURFACE,160.0,4.0
2025,6,22,06 UTC,JUN,1000,130.0,4.0
2025,6,22,06 UTC,JUN,2000,115.0,6.0
2025,6,22,06 UTC,JUN,3000,95.0,6.0
2025,6,22,06 UTC,JUN,4000,100.0,6.0
2025,6,22,06 UTC,JUN,5000,100.0,5.0
2025,6,22,06 UTC,JUN,6000,110.0,3.0
2025,6,22,06 UTC,JUN,7000,100.0,5.0
2025,6,23,06 UTC,JUN,SURFACE,60.0,7.0
2025,6,23,06 UTC,JUN,1000,100.0,8.0
2025,6,23,06 UTC,JUN,2000,110.0,8.0
2025,6,23,06 UTC,JUN,3000,105.0,10.0
2025,6,23,06 UTC,JUN,4000,100.0,10.0
2025,6,23,06 UTC,JUN,5000,100.0,9.0
2025,6,23,06 UTC,JUN,6000,105.0,4.0
2025,6,24,06 UTC,JUN,SURFACE,70.0,7.0
2025,6,24,06 UTC,JUN,1000,60.0,9.0
2025,6,24,06 UTC,JUN,2000,30.0,6.0
2025,6,24,06 UTC,JUN,3000,45.0,6.0
2025,6,24,06 UTC,JUN,4000,60.0,3.0
2025,6,24,06 UTC,JUN,5000,60.0,6.0
2025,6,24,06 UTC,JUN,6000,30.0,3.0
2025,6,24,06 UTC,JUN,7000,355.0,4.0
2025,6,24,06 UTC,JUN,8000,20.0,2.0
2025,6,24,06 UTC,JUN,9000,30.0,7.0
2025,6,24,06 UTC,JUN,10000,25.0,2.0
2025,6,24,06 UTC,JUN,11000,360.0,5.0
2025,6,25,06 UTC,JUN,SURFACE,80.0,4.0
2025,6,25,06 UTC,JUN,1000,75.0,6.0
2025,6,25,06 UTC,JUN,2000,85.0,2.0
2025,6,25,06 UTC,JUN,3000,245.0,3.0
2025,6,25,06 UTC,JUN,4000,320.0,2.0
2025,6,25,06 UTC,JUN,5000,60.0,2.0
2025,6,25,06 UTC,JUN,6000,70.0,2.0
2025,6,25,06 UTC,JUN,7000,100.0,4.0
2025,6,25,06 UTC,JUN,8000,115.0,5.0
2025,6,25,06 UTC,JUN,9000,120.0,3.0
2025,6,25,06 UTC,JUN,10000,125.0,2.0
2025,6,25,06 UTC,JUN,11000,165.0,5.0
2025,6,26,06 UTC,JUN,SURFACE,60.0,4.0
2025,6,26,06 UTC,JUN,1000,40.0,10.0
2025,6,26,06 UTC,JUN,2000,70.0,7.0
2025,6,26,06 UTC,JUN,3000,70.0,6.0
2025,6,26,06 UTC,JUN,4000,85.0,9.0
2025,6,26,06 UTC,JUN,5000,30.0,11.0
2025,6,26,06 UTC,JUN,6000,30.0,6.0
2025,6,26,06 UTC,JUN,7000,40.0,13.0
2025,6,26,06 UTC,JUN,8000,135.0,9.0
2025,6,27,06 UTC,JUN,SURFACE,80.0,6.0
2025,6,27,06 UTC,JUN,1000,90.0,6.0
2025,6,27,06 UTC,JUN,2000,85.0,7.0
2025,6,27,06 UTC,JUN,3000,85.0,10.0
2025,6,27,06 UTC,JUN,4000,95.0,9.0
2025,6,27,06 UTC,JUN,5000,110.0,7.0
2025,6,27,06 UTC,JUN,6000,125.0,6.0
2025,6,27,06 UTC,JUN,7000,85.0,7.0
2025,6,27,06 UTC,JUN,8000,100.0,8.0
2025,6,27,06 UTC,JUN,9000,115.0,7.0
2025,6,27,06 UTC,JUN,10000,125.0,4.0
2025,6,28,06 UTC,JUN,SURFACE,100.0,7.0
2025,6,28,06 UTC,JUN,1000,85.0,10.0
2025,6,28,06 UTC,JUN,2000,95.0,8.0
2025,6,28,06 UTC,JUN,3000,95.0,13.0
2025,6,28,06 UTC,JUN,4000,95.0,18.0
2025,6,28,06 UTC,JUN,5000,90.0,21.0
2025,6,28,06 UTC,JUN,6000,95.0,17.0
2025,6,28,06 UTC,JUN,7000,110.0,15.0
2025,6,29,06 UTC,JUN,SURFACE,80.0,6.0
2025,6,29,06 UTC,JUN,1000,85.0,10.0
2025,6,29,06 UTC,JUN,2000,85.0,12.0
2025,6,29,06 UTC,JUN,3000,95.0,17.0
2025,6,29,06 UTC,JUN,4000,100.0,15.0
2025,6,29,06 UTC,JUN,5000,105.0,10.0
2025,6,29,06 UTC,JUN,6000,105.0,12.0
2025,6,30,06 UTC,JUN,SURFACE,100.0,8.0
2025,6,30,06 UTC,JUN,1000,105.0,20.0
2025,6,30,06 UTC,JUN,2000,100.0,16.0
2025,6,30,06 UTC,JUN,3000,65.0,13.0
2025,6,30,06 UTC,JUN,4000,95.0,10.0
2025,6,30,06 UTC,JUN,5000,90.0,13.0
2025,6,30,06 UTC,JUN,6000,80.0,12.0
2025,6,30,06 UTC,JUN,7000,75.0,6.0
2025,6,30,06 UTC,JUN,8000,90.0,8.0
2025,6,30,06 UTC,JUN,9000,25.0,3.0
2025,6,30,06 UTC,JUN,10000,55.0,2.0
2025,6,30,06 UTC,JUN,11000,75.0,3.0
2025,6,30,06 UTC,JUN,12000,70.0,7.0
2025,7,1,06 UTC,JUL,SURFACE,100.0,7.0
2025,7,1,06 UTC,JUL,1000,90.0,4.0
2025,7,1,06 UTC,JUL,2000,115.0,5.0
2025,7,1,06 UTC,JUL,3000,110.0,8.0
2025,7,1,06 UTC,JUL,4000,100.0,8.0
2025,7,1,06 UTC,JUL,5000,100.0,11.0
2025,7,1,06 UTC,JUL,6000,95.0,9.0
2025,7,1,06 UTC,JUL,7000,90.0,8.0
2025,7,1,06 UTC,JUL,8000,115.0,4.0
2025,7,1,06 UTC,JUL,9000,90.0,13.0
2025,7,1,06 UTC,JUL,10000,20.0,17.0
2025,7,1,06 UTC,JUL,11000,340.0,3.0
2025,7,2,06 UTC,JUL,SURFACE,100.0,6.0
2025,7,2,06 UTC,JUL,1000,90.0,2.0
2025,7,2,06 UTC,JUL,2000,105.0,4.0
2025,7,2,06 UTC,JUL,3000,125.0,3.0
2025,7,2,06 UTC,JUL,4000,125.0,3.0
2025,7,2,06 UTC,JUL,5000,135.0,3.0
2025,7,2,06 UTC,JUL,6000,25.0,1.0
2025,7,2,06 UTC,JUL,7000,260.0,2.0
2025,7,2,06 UTC,JUL,8000,245.0,4.0
2025,7,2,06 UTC,JUL,9000,265.0,5.0
2025,7,2,06 UTC,JUL,10000,260.0,4.0
2025,7,3,06 UTC,JUL,SURFACE,70.0,5.0
2025,7,3,06 UTC,JUL,1000,40.0,5.0
2025,7,3,06 UTC,JUL,2000,25.0,6.0
2025,7,3,06 UTC,JUL,3000,25.0,7.0
2025,7,3,06 UTC,JUL,4000,5.0,8.0
2025,7,3,06 UTC,JUL,5000,355.0,6.0
2025,7,3,06 UTC,JUL,6000,105.0,8.0
2025,7,3,06 UTC,JUL,7000,65.0,10.0
2025,7,3,06 UTC,JUL,8000,100.0,9.0
2025,7,3,06 UTC,JUL,9000,20.0,11.0
2025,7,3,06 UTC,JUL,10000,145.0,11.0
2025,7,4,06 UTC,JUL,SURFACE,70.0,3.0
2025,7,4,06 UTC,JUL,1000,70.0,9.0
2025,7,4,06 UTC,JUL,2000,110.0,5.0
2025,7,4,06 UTC,JUL,3000,320.0,2.0
2025,7,4,06 UTC,JUL,4000,310.0,1.0
2025,7,4,06 UTC,JUL,5000,35.0,2.0
2025,7,4,06 UTC,JUL,6000,155.0,4.0
2025,7,4,06 UTC,JUL,7000,95.0,2.0
2025,7,4,06 UTC,JUL,8000,55.0,3.0
2025,7,4,06 UTC,JUL,9000,355.0,2.0
2025,7,4,06 UTC,JUL,10000,25.0,3.0
2025,7,4,06 UTC,JUL,11000,30.0,4.0
2025,7,4,06 UTC,JUL,12000,30.0,7.0
2025,7,4,06 UTC,JUL,13000,50.0,10.0
2025,7,4,06 UTC,JUL,14000,70.0,7.0
2025,7,4,06 UTC,JUL,15000,65.0,11.0
2025,7,5,06 UTC,JUL,SURFACE,60.0,4.0
2025,7,5,06 UTC,JUL,1000,110.0,3.0
2025,7,5,06 UTC,JUL,2000,110.0,3.0
2025,7,5,06 UTC,JUL,3000,85.0,7.0
2025,7,5,06 UTC,JUL,4000,75.0,6.0
2025,7,5,06 UTC,JUL,5000,90.0,6.0
2025,7,5,06 UTC,JUL,6000,95.0,9.0
2025,7,5,06 UTC,JUL,7000,105.0,9.0
2025,7,5,06 UTC,JUL,8000,100.0,10.0
2025,7,5,06 UTC,JUL,9000,90.0,11.0
2025,7,5,06 UTC,JUL,10000,70.0,8.0
2025,7,7,06 UTC,JUL,SURFACE,120.0,8.0
2025,7,7,06 UTC,JUL,1000,90.0,3.0
2025,7,7,06 UTC,JUL,2000,90.0,9.0
2025,7,7,06 UTC,JUL,3000,95.0,10.0
2025,7,7,06 UTC,JUL,4000,100.0,9.0
2025,7,7,06 UTC,JUL,5000,100.0,7.0
2025,7,7,06 UTC,JUL,6000,105.0,7.0
2025,7,7,06 UTC,JUL,7000,85.0,5.0
2025,7,7,06 UTC,JUL,8000,115.0,4.0
2025,7,7,06 UTC,JUL,9000,95.0,3.0
2025,7,7,06 UTC,JUL,10000,115.0,2.0
2025,7,8,06 UTC,JUL,SURFACE,50.0,4.0
2025,7,8,06 UTC,JUL,1000,75.0,9.0
2025,7,8,06 UTC,JUL,2000,65.0,12.0
2025,7,8,06 UTC,JUL,3000,75.0,11.0
2025,7,8,06 UTC,JUL,4000,70.0,11.0
2025,7,8,06 UTC,JUL,5000,90.0,9.0
2025,7,8,06 UTC,JUL,6000,40.0,7.0
2025,7,8,06 UTC,JUL,7000,40.0,9.0
2025,7,8,06 UTC,JUL,8000,70.0,9.0
2025,7,8,06 UTC,JUL,9000,30.0,9.0
2025,7,9,06 UTC,JUL,SURFACE,130.0,4.0
2025,7,9,06 UTC,JUL,1000,160.0,4.0
2025,7,9,06 UTC,JUL,2000,230.0,3.0
2025,7,9,06 UTC,JUL,3000,180.0,2.0
2025,7,9,06 UTC,JUL,4000,170.0,4.0
2025,7,9,06 UTC,JUL,5000,145.0,5.0
2025,7,10,06 UTC,JUL,SURFACE,60.0,4.0
2025,7,10,06 UTC,JUL,1000,55.0,6.0
2025,7,10,06 UTC,JUL,2000,60.0,5.0
2025,7,10,06 UTC,JUL,3000,80.0,1.0
2025,7,10,06 UTC,JUL,4000,145.0,3.0
2025,7,10,06 UTC,JUL,5000,160.0,2.0
2025,7,10,06 UTC,JUL,6000,190.0,1.0
2025,7,10,06 UTC,JUL,7000,210.0,1.0
2025,7,11,06 UTC,JUL,SURFACE,140.0,9.0
2025,7,11,06 UTC,JUL,1000,145.0,9.0
2025,7,11,06 UTC,JUL,2000,125.0,7.0
2025,7,11,06 UTC,JUL,3000,95.0,7.0
2025,7,11,06 UTC,JUL,4000,110.0,7.0
2025,7,11,06 UTC,JUL,5000,100.0,6.0
2025,7,11,06 UTC,JUL,6000,95.0,6.0
2025,7,11,06 UTC,JUL,7000,80.0,6.0
2025,7,11,06 UTC,JUL,8000,90.0,12.0
2025,7,11,06 UTC,JUL,9000,55.0,12.0
2025,7,11,06 UTC,JUL,10000,60.0,11.0
2025,7,12,06 UTC,JUL,SURFACE,130.0,4.0
2025,7,12,06 UTC,JUL,1000,140.0,3.0
2025,7,12,06 UTC,JUL,2000,105.0,7.0
2025,7,12,06 UTC,JUL,3000,100.0,10.0
2025,7,12,06 UTC,JUL,4000,95.0,7.0
2025,7,12,06 UTC,JUL,5000,105.0,5.0
2025,7,12,06 UTC,JUL,6000,110.0,4.0
2025,7,12,06 UTC,JUL,7000,90.0,5.0
2025,7,12,06 UTC,JUL,8000,95.0,5.0
2025,7,12,06 UTC,JUL,9000,125.0,1.0
2025,7,12,06 UTC,JUL,10000,90.0,1.0
2025,7,12,06 UTC,JUL,11000,50.0,3.0
2025,7,13,06 UTC,JUL,SURFACE,80.0,10.0
2025,7,13,06 UTC,JUL,1000,105.0,12.0
2025,7,13,06 UTC,JUL,2000,105.0,20.0
2025,7,13,06 UTC,JUL,3000,120.0,12.0
2025,7,13,06 UTC,JUL,4000,135.0,11.0
2025,7,13,06 UTC,JUL,5000,130.0,5.0
2025,7,13,06 UTC,JUL,6000,120.0,6.0
2025,7,14,06 UTC,JUL,SURFACE,70.0,4.0
2025,7,14,06 UTC,JUL,1000,45.0,5.0
2025,7,14,06 UTC,JUL,2000,280.0,6.0
2025,7,14,06 UTC,JUL,3000,155.0,3.0
2025,7,14,06 UTC,JUL,4000,150.0,4.0
2025,7,14,06 UTC,JUL,5000,95.0,5.0
2025,7,15,06 UTC,JUL,SURFACE,70.0,3.0
2025,7,15,06 UTC,JUL,1000,85.0,9.0
2025,7,15,06 UTC,JUL,2000,85.0,10.0
2025,7,15,06 UTC,JUL,3000,85.0,8.0
2025,7,15,06 UTC,JUL,4000,65.0,13.0
2025,7,15,06 UTC,JUL,5000,80.0,14.0
2025,7,15,06 UTC,JUL,6000,90.0,10.0
2025,7,15,06 UTC,JUL,7000,100.0,8.0
2025,7,15,06 UTC,JUL,8000,85.0,11.0
2025,7,15,06 UTC,JUL,9000,80.0,15.0
2025,7,15,06 UTC,JUL,10000,100.0,8.0
2025,7,16,06 UTC,JUL,SURFACE,50.0,7.0
2025,7,16,06 UTC,JUL,1000,55.0,2.0
2025,7,16,06 UTC,JUL,2000,80.0,2.0
2025,7,16,06 UTC,JUL,3000,55.0,4.0
2025,7,16,06 UTC,JUL,4000,50.0,4.0
2025,7,16,06 UTC,JUL,5000,45.0,5.0
2025,7,16,06 UTC,JUL,6000,70.0,5.0
2025,7,16,06 UTC,JUL,7000,50.0,5.0
2025,7,16,06 UTC,JUL,8000,45.0,6.0
2025,7,17,06 UTC,JUL,SURFACE,110.0,6.0
2025,7,17,06 UTC,JUL,1000,230.0,1.0
2025,7,17,06 UTC,JUL,2000,155.0,3.0
2025,7,17,06 UTC,JUL,3000,150.0,6.0
2025,7,17,06 UTC,JUL,4000,175.0,2.0
2025,7,17,06 UTC,JUL,5000,80.0,2.0
2025,7,17,06 UTC,JUL,6000,85.0,3.0
2025,7,17,06 UTC,JUL,7000,140.0,3.0
2025,7,17,06 UTC,JUL,8000,130.0,5.0
2025,7,17,06 UTC,JUL,9000,115.0,5.0
2025,7,17,06 UTC,JUL,10000,120.0,2.0
2025,7,18,06 UTC,JUL,SURFACE,80.0,6.0
2025,7,18,06 UTC,JUL,1000,215.0,2.0
2025,7,18,06 UTC,JUL,2000,220.0,4.0
2025,7,18,06 UTC,JUL,3000,280.0,3.0
2025,7,18,06 UTC,JUL,4000,285.0,3.0
2025,7,18,06 UTC,JUL,5000,330.0,3.0
2025,7,18,06 UTC,JUL,6000,25.0,6.0
2025,7,18,06 UTC,JUL,7000,20.0,3.0
2025,7,18,06 UTC,JUL,8000,50.0,8.0
2025,7,18,06 UTC,JUL,9000,80.0,5.0
2025,7,18,06 UTC,JUL,10000,70.0,5.0
2025,7,19,06 UTC,JUL,SURFACE,70.0,6.0
2025,7,19,06 UTC,JUL,1000,85.0,9.0
2025,7,19,06 UTC,JUL,2000,180.0,2.0
2025,7,19,06 UTC,JUL,3000,215.0,1.0
2025,7,19,06 UTC,JUL,4000,215.0,2.0
2025,7,19,06 UTC,JUL,5000,230.0,5.0
2025,7,19,06 UTC,JUL,6000,260.0,4.0
2025,7,19,06 UTC,JUL,7000,240.0,3.0
2025,7,19,06 UTC,JUL,8000,265.0,1.0
2025,7,20,06 UTC,JUL,SURFACE,80.0,7.0
2025,7,20,06 UTC,JUL,1000,90.0,5.0
2025,7,20,06 UTC,JUL,2000,100.0,8.0
2025,7,20,06 UTC,JUL,3000,100.0,4.0
2025,7,20,06 UTC,JUL,4000,125.0,1.0
2025,7,20,06 UTC,JUL,5000,205.0,3.0
2025,7,20,06 UTC,JUL,6000,220.0,2.0
2025,7,20,06 UTC,JUL,7000,235.0,2.0
2025,7,20,06 UTC,JUL,8000,255.0,4.0
2025,7,21,06 UTC,JUL,SURFACE,90.0,4.0
2025,7,21,06 UTC,JUL,1000,95.0,3.0
2025,7,21,06 UTC,JUL,2000,125.0,15.0
2025,7,21,06 UTC,JUL,3000,120.0,8.0
2025,7,21,06 UTC,JUL,4000,120.0,14.0
2025,7,21,06 UTC,JUL,5000,125.0,6.0
2025,7,21,06 UTC,JUL,6000,130.0,12.0
2025,7,21,06 UTC,JUL,7000,140.0,14.0
2025,7,21,06 UTC,JUL,8000,130.0,12.0
2025,7,21,06 UTC,JUL,9000,140.0,15.0
2025,7,22,06 UTC,JUL,SURFACE,90.0,7.0
2025,7,22,06 UTC,JUL,1000,145.0,3.0
2025,7,22,06 UTC,JUL,2000,105.0,6.0
2025,7,22,06 UTC,JUL,3000,90.0,6.0
2025,7,22,06 UTC,JUL,4000,50.0,3.0
2025,7,22,06 UTC,JUL,5000,25.0,5.0
2025,7,22,06 UTC,JUL,6000,360.0,5.0
2025,7,22,06 UTC,JUL,7000,30.0,5.0
2025,7,22,06 UTC,JUL,8000,40.0,4.0
2025,7,22,06 UTC,JUL,9000,125.0,11.0
2025,7,22,06 UTC,JUL,10000,80.0,6.0
2025,7,23,06 UTC,JUL,SURFACE,70.0,7.0
2025,7,23,06 UTC,JUL,1000,95.0,14.0
2025,7,23,06 UTC,JUL,2000,105.0,8.0
2025,7,23,06 UTC,JUL,3000,80.0,13.0
2025,7,23,06 UTC,JUL,4000,80.0,7.0
2025,7,23,06 UTC,JUL,5000,95.0,10.0
2025,7,23,06 UTC,JUL,6000,130.0,6.0
2025,7,23,06 UTC,JUL,7000,125.0,6.0
2025,7,23,06 UTC,JUL,8000,85.0,8.0
2025,7,24,06 UTC,JUL,SURFACE,80.0,6.0
2025,7,24,06 UTC,JUL,1000,100.0,14.0
2025,7,24,06 UTC,JUL,2000,105.0,12.0
2025,7,24,06 UTC,JUL,3000,120.0,11.0
2025,7,24,06 UTC,JUL,4000,170.0,5.0
2025,7,24,06 UTC,JUL,5000,205.0,5.0
2025,7,24,06 UTC,JUL,6000,205.0,5.0
2025,7,25,06 UTC,JUL,SURFACE,100.0,6.0
2025,7,25,06 UTC,JUL,1000,95.0,4.0
2025,7,25,06 UTC,JUL,2000,105.0,4.0
2025,7,25,06 UTC,JUL,3000,115.0,5.0
2025,7,25,06 UTC,JUL,4000,110.0,5.0
2025,7,25,06 UTC,JUL,5000,115.0,7.0
2025,7,25,06 UTC,JUL,6000,120.0,9.0
2025,7,25,06 UTC,JUL,7000,100.0,7.0
2025,7,25,06 UTC,JUL,8000,85.0,9.0
2025,7,25,06 UTC,JUL,9000,90.0,7.0
2025,7,25,06 UTC,JUL,10000,70.0,9.0
2025,7,26,06 UTC,JUL,SURFACE,70.0,6.0
2025,7,26,06 UTC,JUL,1000,40.0,3.0
2025,7,26,06 UTC,JUL,2000,105.0,5.0
2025,7,26,06 UTC,JUL,3000,125.0,6.0
2025,7,26,06 UTC,JUL,4000,130.0,9.0
2025,7,26,06 UTC,JUL,5000,120.0,8.0
2025,7,26,06 UTC,JUL,6000,135.0,6.0
2025,7,26,06 UTC,JUL,7000,155.0,5.0
2025,7,26,06 UTC,JUL,8000,225.0,3.0
2025,7,26,06 UTC,JUL,9000,200.0,11.0
2025,7,26,06 UTC,JUL,10000,330.0,10.0
2025,7,27,06 UTC,JUL,SURFACE,100.0,6.0
2025,7,27,06 UTC,JUL,1000,120.0,2.0
2025,7,27,06 UTC,JUL,2000,125.0,5.0
2025,7,27,06 UTC,JUL,3000,120.0,4.0
2025,7,27,06 UTC,JUL,4000,155.0,3.0
2025,7,27,06 UTC,JUL,5000,205.0,2.0
2025,7,27,06 UTC,JUL,6000,0.0,0.0
2025,7,27,06 UTC,JUL,7000,300.0,1.0
2025,7,27,06 UTC,JUL,8000,315.0,6.0
2025,7,27,06 UTC,JUL,9000,355.0,5.0
2025,7,27,06 UTC,JUL,10000,31.0,6.0
2025,7,28,06 UTC,JUL,SURFACE,110.0,7.0
2025,7,28,06 UTC,JUL,1000,110.0,8.0
2025,7,28,06 UTC,JUL,2000,115.0,7.0
2025,7,28,06 UTC,JUL,3000,100.0,6.0
2025,7,28,06 UTC,JUL,4000,140.0,6.0
2025,7,28,06 UTC,JUL,5000,100.0,10.0
2025,7,28,06 UTC,JUL,6000,95.0,11.0
2025,7,28,06 UTC,JUL,7000,95.0,11.0
2025,7,28,06 UTC,JUL,8000,120.0,11.0
2025,7,28,06 UTC,JUL,9000,160.0,8.0
2025,7,28,06 UTC,JUL,10000,175.0,8.0
2025,7,29,06 UTC,JUL,SURFACE,100.0,13.0
2025,7,29,06 UTC,JUL,1000,115.0,17.0
2025,7,29,06 UTC,JUL,2000,115.0,12.0
2025,7,29,06 UTC,JUL,3000,115.0,15.0
2025,7,29,06 UTC,JUL,4000,120.0,10.0
2025,7,29,06 UTC,JUL,5000,100.0,13.0
2025,7,29,06 UTC,JUL,6000,130.0,14.0
2025,7,29,06 UTC,JUL,7000,170.0,10.0
2025,7,30,06 UTC,JUL,SURFACE,90.0,9.0
2025,7,30,06 UTC,JUL,1000,75.0,8.0
2025,7,30,06 UTC,JUL,2000,100.0,7.0
2025,7,30,06 UTC,JUL,3000,115.0,13.0
2025,7,30,06 UTC,JUL,4000,115.0,14.0
2025,7,30,06 UTC,JUL,5000,110.0,14.0
2025,7,30,06 UTC,JUL,6000,110.0,13.0
2025,7,30,06 UTC,JUL,7000,120.0,14.0
2025,7,30,06 UTC,JUL,8000,140.0,12.0
2025,7,30,06 UTC,JUL,9000,145.0,9.0
2025,7,30,06 UTC,JUL,10000,165.0,8.0
2025,7,31,06 UTC,JUL,SURFACE,100.0,9.0
2025,7,31,06 UTC,JUL,1000,100.0,3.0
2025,7,31,06 UTC,JUL,2000,80.0,6.0
2025,7,31,06 UTC,JUL,3000,55.0,6.0
2025,7,31,06 UTC,JUL,4000,55.0,5.0
2025,7,31,06 UTC,JUL,5000,30.0,4.0
2025,7,31,06 UTC,JUL,6000,50.0,7.0
2025,7,31,06 UTC,JUL,7000,70.0,6.0
2025,7,31,06 UTC,JUL,8000,75.0,7.0
2025,7,31,06 UTC,JUL,9000,80.0,8.0
2025,7,31,06 UTC,JUL,10000,80.0,9.0
2025,8,1,06 UTC,AGT,SURFACE,120.0,8.0
2025,8,1,06 UTC,AGT,1000,160.0,2.0
2025,8,1,06 UTC,AGT,2000,115.0,5.0
2025,8,1,06 UTC,AGT,3000,105.0,8.0
2025,8,1,06 UTC,AGT,4000,90.0,8.0
2025,8,1,06 UTC,AGT,5000,80.0,4.0
2025,8,1,06 UTC,AGT,6000,345.0,2.0
2025,8,1,06 UTC,AGT,7000,30.0,3.0
2025,8,1,06 UTC,AGT,8000,85.0,2.0
2025,8,1,06 UTC,AGT,9000,40.0,7.0
2025,8,1,06 UTC,AGT,10000,55.0,6.0
2025,8,2,06 UTC,AGT,SURFACE,110.0,8.0
2025,8,2,06 UTC,AGT,1000,95.0,9.0
2025,8,2,06 UTC,AGT,2000,95.0,10.0
2025,8,2,06 UTC,AGT,3000,105.0,11.0
2025,8,2,06 UTC,AGT,4000,100.0,11.0
2025,8,2,06 UTC,AGT,5000,85.0,12.0
2025,8,2,06 UTC,AGT,6000,90.0,11.0
2025,8,2,06 UTC,AGT,7000,100.0,12.0
2025,8,3,06 UTC,AGT,SURFACE,60.0,6.0
2025,8,3,06 UTC,AGT,1000,80.0,9.0
2025,8,3,06 UTC,AGT,2000,100.0,7.0
2025,8,3,06 UTC,AGT,3000,95.0,7.0
2025,8,3,06 UTC,AGT,4000,95.0,5.0
2025,8,3,06 UTC,AGT,5000,80.0,5.0
2025,8,3,06 UTC,AGT,6000,80.0,5.0
2025,8,4,06 UTC,AGT,SURFACE,80.0,6.0
2025,8,4,06 UTC,AGT,1000,90.0,8.0
2025,8,4,06 UTC,AGT,2000,85.0,13.0
2025,8,4,06 UTC,AGT,3000,85.0,15.0
2025,8,4,06 UTC,AGT,4000,90.0,13.0
2025,8,4,06 UTC,AGT,5000,90.0,13.0
2025,8,4,06 UTC,AGT,6000,90.0,16.0
2025,8,4,06 UTC,AGT,7000,96.0,14.0
2025,8,4,06 UTC,AGT,8000,145.0,15.0
2025,8,5,06 UTC,AGT,SURFACE,80.0,6.0
2025,8,5,06 UTC,AGT,1000,85.0,11.0
2025,8,5,06 UTC,AGT,2000,170.0,2.0
2025,8,5,06 UTC,AGT,3000,285.0,4.0
2025,8,5,06 UTC,AGT,4000,255.0,7.0
2025,8,5,06 UTC,AGT,5000,200.0,6.0
2025,8,5,06 UTC,AGT,6000,210.0,5.0
2025,8,5,06 UTC,AGT,7000,220.0,4.0
2025,8,5,06 UTC,AGT,8000,245.0,1.0
2025,8,6,06 UTC,AGT,SURFACE,100.0,6.0
2025,8,6,06 UTC,AGT,1000,120.0,1.0
2025,8,6,06 UTC,AGT,2000,145.0,1.0
2025,8,6,06 UTC,AGT,3000,120.0,3.0
2025,8,6,06 UTC,AGT,4000,125.0,2.0
2025,8,6,06 UTC,AGT,5000,145.0,3.0
2025,8,6,06 UTC,AGT,6000,190.0,3.0
2025,8,6,06 UTC,AGT,7000,170.0,2.0
2025,8,6,06 UTC,AGT,8000,195.0,1.0
2025,8,6,06 UTC,AGT,9000,180.0,3.0
2025,8,6,06 UTC,AGT,10000,140.0,1.0
2025,8,7,06 UTC,AGT,SURFACE,70.0,6.0
2025,8,7,06 UTC,AGT,1000,80.0,3.0
2025,8,7,06 UTC,AGT,2000,120.0,4.0
2025,8,7,06 UTC,AGT,3000,125.0,4.0
2025,8,7,06 UTC,AGT,4000,145.0,3.0
2025,8,7,06 UTC,AGT,5000,150.0,5.0
2025,8,7,06 UTC,AGT,6000,140.0,4.0
2025,8,7,06 UTC,AGT,7000,25.0,4.0
2025,8,7,06 UTC,AGT,8000,95.0,10.0
2025,8,7,06 UTC,AGT,9000,130.0,8.0
2025,8,8,06 UTC,AGT,SURFACE,60.0,6.0
2025,8,8,06 UTC,AGT,1000,80.0,10.0
2025,8,8,06 UTC,AGT,2000,70.0,12.0
2025,8,8,06 UTC,AGT,3000,50.0,1.0
2025,8,8,06 UTC,AGT,4000,245.0,6.0
2025,8,8,06 UTC,AGT,5000,225.0,5.0
2025,8,9,06 UTC,AGT,SURFACE,80.0,7.0
2025,8,9,06 UTC,AGT,1000,95.0,5.0
2025,8,9,06 UTC,AGT,2000,115.0,5.0
2025,8,9,06 UTC,AGT,3000,125.0,6.0
2025,8,9,06 UTC,AGT,4000,125.0,7.0
2025,8,9,06 UTC,AGT,5000,140.0,5.0
2025,8,9,06 UTC,AGT,6000,170.0,4.0
2025,8,9,06 UTC,AGT,7000,345.0,5.0
2025,8,9,06 UTC,AGT,8000,255.0,8.0
2025,8,9,06 UTC,AGT,9000,335.0,10.0
2025,8,10,06 UTC,AGT,SURFACE,100.0,4.0
2025,8,10,06 UTC,AGT,1000,60.0,8.0
2025,8,10,06 UTC,AGT,2000,115.0,6.0
2025,8,10,06 UTC,AGT,3000,125.0,5.0
2025,8,10,06 UTC,AGT,4000,135.0,5.0
2025,8,10,06 UTC,AGT,5000,100.0,10.0
2025,8,10,06 UTC,AGT,6000,90.0,8.0
2025,8,10,06 UTC,AGT,7000,85.0,12.0
2025,8,10,06 UTC,AGT,8000,90.0,12.0
2025,8,10,06 UTC,AGT,9000,160.0,7.0
2025,8,10,06 UTC,AGT,10000,130.0,14.0
2025,8,11,06 UTC,AGT,SURFACE,90.0,7.0
2025,8,11,06 UTC,AGT,1000,125.0,3.0
2025,8,11,06 UTC,AGT,2000,150.0,5.0
2025,8,11,06 UTC,AGT,3000,130.0,4.0
2025,8,11,06 UTC,AGT,4000,135.0,3.0
2025,8,11,06 UTC,AGT,5000,95.0,4.0
2025,8,11,06 UTC,AGT,6000,90.0,7.0
2025,8,11,06 UTC,AGT,7000,80.0,5.0
2025,8,11,06 UTC,AGT,8000,85.0,4.0
2025,8,11,06 UTC,AGT,9000,80.0,2.0
2025,8,11,06 UTC,AGT,10000,50.0,4.0
2025,8,12,06 UTC,AGT,SURFACE,70.0,8.0
2025,8,12,06 UTC,AGT,1000,65.0,8.0
2025,8,12,06 UTC,AGT,2000,100.0,12.0
2025,8,12,06 UTC,AGT,3000,120.0,13.0
2025,8,12,06 UTC,AGT,4000,140.0,12.0
2025,8,12,06 UTC,AGT,5000,140.0,13.0
2025,8,12,06 UTC,AGT,6000,145.0,9.0
2025,8,12,06 UTC,AGT,7000,135.0,6.0
2025,8,12,06 UTC,AGT,8000,75.0,14.0
2025,8,12,06 UTC,AGT,9000,40.0,12.0
2025,8,13,06 UTC,AGT,SURFACE,80.0,8.0
2025,8,13,06 UTC,AGT,1000,105.0,2.0
2025,8,13,06 UTC,AGT,2000,140.0,3.0
2025,8,13,06 UTC,AGT,3000,110.0,8.0
2025,8,13,06 UTC,AGT,4000,100.0,9.0
2025,8,13,06 UTC,AGT,5000,100.0,7.0
2025,8,14,06 UTC,AGT,SURFACE,90.0,8.0
2025,8,14,06 UTC,AGT,1000,105.0,14.0
2025,8,14,06 UTC,AGT,2000,100.0,14.0
2025,8,14,06 UTC,AGT,3000,110.0,12.0
2025,8,14,06 UTC,AGT,4000,105.0,10.0
2025,8,14,06 UTC,AGT,5000,85.0,6.0
2025,8,14,06 UTC,AGT,6000,105.0,3.0
2025,8,14,06 UTC,AGT,7000,305.0,1.0
2025,8,14,06 UTC,AGT,8000,0.0,0.0
2025,8,14,06 UTC,AGT,9000,215.0,4.0
2025,8,14,06 UTC,AGT,10000,165.0,3.0
2025,8,15,06 UTC,AGT,SURFACE,90.0,8.0
2025,8,15,06 UTC,AGT,1000,65.0,9.0
2025,8,15,06 UTC,AGT,2000,80.0,10.0
2025,8,15,06 UTC,AGT,3000,90.0,10.0
2025,8,15,06 UTC,AGT,4000,100.0,9.0
2025,8,15,06 UTC,AGT,5000,75.0,9.0
2025,8,15,06 UTC,AGT,6000,60.0,13.0
2025,8,15,06 UTC,AGT,7000,115.0,9.0
2025,8,15,06 UTC,AGT,8000,110.0,8.0
2025,8,15,06 UTC,AGT,9000,125.0,9.0
2025,8,15,06 UTC,AGT,10000,130.0,10.0
2025,8,16,06 UTC,AGT,SURFACE,100.0,9.0
2025,8,16,06 UTC,AGT,1000,130.0,5.0
2025,8,16,06 UTC,AGT,2000,105.0,7.0
2025,8,16,06 UTC,AGT,3000,145.0,7.0
2025,8,16,06 UTC,AGT,4000,135.0,6.0
2025,8,16,06 UTC,AGT,5000,95.0,5.0
2025,8,16,06 UTC,AGT,6000,85.0,6.0
2025,8,16,06 UTC,AGT,7000,35.0,4.0
2025,8,16,06 UTC,AGT,8000,40.0,5.0
2025,8,16,06 UTC,AGT,9000,15.0,3.0
2025,8,16,06 UTC,AGT,10000,320.0,2.0
2025,8,16,06 UTC,AGT,11000,5.0,1.0
2025,8,17,06 UTC,AGT,SURFACE,100.0,8.0
2025,8,17,06 UTC,AGT,1000,100.0,5.0
2025,8,17,06 UTC,AGT,2000,95.0,8.0
2025,8,17,06 UTC,AGT,3000,100.0,8.0
2025,8,17,06 UTC,AGT,4000,100.0,7.0
2025,8,17,06 UTC,AGT,5000,115.0,9.0
2025,8,17,06 UTC,AGT,6000,110.0,7.0
2025,8,17,06 UTC,AGT,7000,115.0,6.0
2025,8,18,06 UTC,AGT,SURFACE,90.0,8.0
2025,8,18,06 UTC,AGT,1000,90.0,5.0
2025,8,18,06 UTC,AGT,2000,85.0,16.0
2025,8,18,06 UTC,AGT,3000,90.0,14.0
2025,8,18,06 UTC,AGT,4000,95.0,12.0
2025,8,18,06 UTC,AGT,5000,75.0,12.0
2025,8,18,06 UTC,AGT,6000,70.0,11.0
2025,8,18,06 UTC,AGT,7000,80.0,9.0
2025,8,19,06 UTC,AGT,SURFACE,90.0,9.0
2025,8,19,06 UTC,AGT,1000,100.0,7.0
2025,8,19,06 UTC,AGT,2000,85.0,4.0
2025,8,19,06 UTC,AGT,3000,85.0,10.0
2025,8,19,06 UTC,AGT,4000,90.0,12.0
2025,8,19,06 UTC,AGT,5000,90.0,9.0
2025,8,19,06 UTC,AGT,6000,85.0,10.0
2025,8,19,06 UTC,AGT,7000,85.0,10.0
2025,8,19,06 UTC,AGT,8000,75.0,7.0
2025,8,19,06 UTC,AGT,9000,60.0,6.0
2025,8,19,06 UTC,AGT,10000,30.0,5.0
2025,8,20,06 UTC,AGT,SURFACE,70.0,5.0
2025,8,20,06 UTC,AGT,1000,80.0,7.0
2025,8,20,06 UTC,AGT,2000,65.0,4.0
2025,8,20,06 UTC,AGT,3000,5.0,1.0
2025,8,20,06 UTC,AGT,4000,265.0,4.0
2025,8,20,06 UTC,AGT,5000,250.0,6.0
2025,8,20,06 UTC,AGT,6000,20.0,3.0
2025,8,20,06 UTC,AGT,7000,5.0,4.0
2025,8,20,06 UTC,AGT,8000,355.0,8.0
2025,8,21,06 UTC,AGT,SURFACE,80.0,5.0
2025,8,21,06 UTC,AGT,1000,350.0,1.0
2025,8,21,06 UTC,AGT,2000,45.0,1.0
2025,8,21,06 UTC,AGT,3000,20.0,1.0
2025,8,21,06 UTC,AGT,4000,355.0,2.0
2025,8,21,06 UTC,AGT,5000,220.0,2.0
2025,8,21,06 UTC,AGT,6000,140.0,4.0
2025,8,21,06 UTC,AGT,7000,200.0,2.0
2025,8,21,06 UTC,AGT,8000,315.0,1.0
2025,8,21,06 UTC,AGT,9000,0.0,0.0
2025,8,21,06 UTC,AGT,10000,90.0,2.0
2025,8,21,06 UTC,AGT,11000,140.0,3.0
2025,8,22,06 UTC,AGT,SURFACE,100.0,7.0
2025,8,22,06 UTC,AGT,1000,75.0,9.0
2025,8,22,06 UTC,AGT,2000,70.0,7.0
2025,8,22,06 UTC,AGT,3000,360.0,1.0
2025,8,22,06 UTC,AGT,4000,275.0,4.0
2025,8,22,06 UTC,AGT,6000,340.0,2.0
2025,8,22,06 UTC,AGT,7000,50.0,1.0
2025,8,22,06 UTC,AGT,8000,250.0,4.0
2025,8,22,06 UTC,AGT,9000,245.0,2.0
2025,8,23,06 UTC,AGT,SURFACE,90.0,7.0
2025,8,23,06 UTC,AGT,1000,90.0,3.0
2025,8,23,06 UTC,AGT,2000,75.0,7.0
2025,8,23,06 UTC,AGT,3000,90.0,7.0
2025,8,23,06 UTC,AGT,4000,85.0,6.0
2025,8,24,06 UTC,AGT,SURFACE,60.0,6.0
2025,8,24,06 UTC,AGT,1000,85.0,5.0
2025,8,24,06 UTC,AGT,2000,110.0,7.0
2025,8,24,06 UTC,AGT,3000,105.0,4.0
2025,8,24,06 UTC,AGT,4000,0.0,0.0
2025,8,24,06 UTC,AGT,5000,285.0,2.0
2025,8,24,06 UTC,AGT,6000,285.0,3.0
2025,8,24,06 UTC,AGT,7000,275.0,5.0
2025,8,24,06 UTC,AGT,8000,255.0,4.0
2025,8,25,06 UTC,AGT,SURFACE,70.0,5.0
2025,8,25,06 UTC,AGT,1000,70.0,9.0
2025,8,25,06 UTC,AGT,2000,50.0,16.0
2025,8,25,06 UTC,AGT,3000,50.0,17.0
2025,8,25,06 UTC,AGT,4000,15.0,7.0
2025,8,25,06 UTC,AGT,5000,20.0,7.0
2025,8,25,06 UTC,AGT,6000,85.0,7.0
2025,8,25,06 UTC,AGT,7000,105.0,6.0
2025,8,25,06 UTC,AGT,8000,115.0,7.0
2025,8,25,06 UTC,AGT,9000,100.0,6.0
2025,8,25,06 UTC,AGT,10000,115.0,8.0
2025,8,26,06 UTC,AGT,SURFACE,100.0,5.0
2025,8,26,06 UTC,AGT,1000,140.0,2.0
2025,8,26,06 UTC,AGT,2000,155.0,5.0
2025,8,26,06 UTC,AGT,3000,125.0,7.0
2025,8,26,06 UTC,AGT,4000,115.0,6.0
2025,8,26,06 UTC,AGT,5000,100.0,5.0
2025,8,26,06 UTC,AGT,6000,100.0,8.0
2025,8,26,06 UTC,AGT,7000,80.0,11.0
2025,8,26,06 UTC,AGT,8000,105.0,6.0
2025,8,26,06 UTC,AGT,9000,95.0,3.0
2025,8,26,06 UTC,AGT,10000,115.0,5.0
2025,8,27,06 UTC,AGT,SURFACE,100.0,6.0
2025,8,27,06 UTC,AGT,1000,125.0,5.0
2025,8,27,06 UTC,AGT,2000,135.0,5.0
2025,8,27,06 UTC,AGT,3000,135.0,3.0
2025,8,27,06 UTC,AGT,4000,270.0,4.0
2025,8,27,06 UTC,AGT,5000,235.0,3.0
2025,8,27,06 UTC,AGT,6000,345.0,1.0
2025,8,27,06 UTC,AGT,7000,205.0,1.0
2025,8,28,06 UTC,AGT,SURFACE,80.0,5.0
2025,8,28,06 UTC,AGT,1000,80.0,8.0
2025,8,28,06 UTC,AGT,2000,45.0,1.0
2025,8,28,06 UTC,AGT,3000,140.0,5.0
2025,8,28,06 UTC,AGT,4000,120.0,4.0
2025,8,28,06 UTC,AGT,5000,130.0,8.0
2025,8,28,06 UTC,AGT,6000,145.0,4.0
2025,8,29,06 UTC,AGT,SURFACE,90.0,10.0
2025,8,29,06 UTC,AGT,1000,105.0,8.0
2025,8,29,06 UTC,AGT,2000,100.0,5.0
2025,8,29,06 UTC,AGT,3000,100.0,6.0
2025,8,29,06 UTC,AGT,4000,100.0,6.0
2025,8,29,06 UTC,AGT,5000,95.0,5.0
2025,8,29,06 UTC,AGT,6000,100.0,7.0
2025,8,29,06 UTC,AGT,7000,80.0,9.0
2025,8,29,06 UTC,AGT,8000,65.0,10.0
2025,8,31,06 UTC,AGT,SURFACE,110.0,5.0
2025,8,31,06 UTC,AGT,1000,140.0,2.0
2025,8,31,06 UTC,AGT,2000,145.0,6.0
2025,8,31,06 UTC,AGT,3000,115.0,8.0
2025,8,31,06 UTC,AGT,4000,95.0,4.0
2025,8,31,06 UTC,AGT,5000,90.0,12.0
2025,8,31,06 UTC,AGT,6000,80.0,8.0
2025,8,31,06 UTC,AGT,7000,60.0,7.0
2025,8,31,06 UTC,AGT,8000,75.0,7.0
2025,8,31,06 UTC,AGT,9000,60.0,5.0
2025,8,31,06 UTC,AGT,10000,105.0,3.0
2025,8,31,06 UTC,AGT,11000,90.0,1.0
2025,9,1,06 UTC,SEP,SURFACE,100.0,2.0
2025,9,1,06 UTC,SEP,1000,90.0,9.0
2025,9,1,06 UTC,SEP,2000,95.0,13.0
2025,9,1,06 UTC,SEP,3000,95.0,18.0
2025,9,1,06 UTC,SEP,4000,95.0,15.0
2025,9,1,06 UTC,SEP,5000,105.0,11.0
2025,9,1,06 UTC,SEP,6000,120.0,10.0
2025,9,1,06 UTC,SEP,7000,105.0,9.0
2025,9,2,06 UTC,SEP,SURFACE,90.0,14.0
2025,9,2,06 UTC,SEP,1000,105.0,23.0
2025,9,2,06 UTC,SEP,2000,105.0,35.0
2025,9,2,06 UTC,SEP,3000,100.0,29.0
2025,9,2,06 UTC,SEP,4000,90.0,14.0
2025,9,3,06 UTC,SEP,SURFACE,90.0,10.0
2025,9,3,06 UTC,SEP,1000,105.0,16.0
2025,9,3,06 UTC,SEP,2000,85.0,17.0
2025,9,3,06 UTC,SEP,3000,90.0,20.0
2025,9,3,06 UTC,SEP,4000,80.0,20.0
2025,9,3,06 UTC,SEP,5000,70.0,21.0
2025,9,3,06 UTC,SEP,6000,75.0,23.0
2025,9,3,06 UTC,SEP,7000,85.0,31.0
2025,9,3,06 UTC,SEP,8000,90.0,25.0
2025,9,3,06 UTC,SEP,9000,100.0,24.0
2025,9,4,06 UTC,SEP,SURFACE,80.0,6.0
2025,9,4,06 UTC,SEP,1000,115.0,6.0
2025,9,4,06 UTC,SEP,2000,95.0,10.0
2025,9,4,06 UTC,SEP,3000,95.0,12.0
2025,9,4,06 UTC,SEP,4000,80.0,6.0
2025,9,4,06 UTC,SEP,5000,65.0,6.0
2025,9,4,06 UTC,SEP,6000,50.0,4.0
2025,9,4,06 UTC,SEP,7000,60.0,11.0
2025,9,4,06 UTC,SEP,8000,60.0,15.0
2025,9,4,06 UTC,SEP,9000,55.0,15.0
2025,9,4,06 UTC,SEP,10000,50.0,19.0
2025,9,5,06 UTC,SEP,SURFACE,170.0,2.0
2025,9,5,06 UTC,SEP,1000,20.0,2.0
2025,9,5,06 UTC,SEP,2000,125.0,2.0
2025,9,5,06 UTC,SEP,3000,100.0,4.0
2025,9,5,06 UTC,SEP,4000,115.0,5.0
2025,9,5,06 UTC,SEP,5000,90.0,5.0
2025,9,5,06 UTC,SEP,6000,110.0,8.0
2025,9,5,06 UTC,SEP,7000,115.0,9.0
2025,9,6,06 UTC,SEP,SURFACE,80.0,5.0
2025,9,6,06 UTC,SEP,1000,105.0,3.0
2025,9,6,06 UTC,SEP,2000,100.0,4.0
2025,9,6,06 UTC,SEP,3000,115.0,7.0
2025,9,6,06 UTC,SEP,4000,120.0,5.0
2025,9,6,06 UTC,SEP,5000,130.0,3.0
2025,9,6,06 UTC,SEP,6000,120.0,5.0
2025,9,6,06 UTC,SEP,7000,125.0,3.0
2025,9,7,06 UTC,SEP,SURFACE,30.0,7.0
2025,9,7,06 UTC,SEP,1000,115.0,5.0
2025,9,7,06 UTC,SEP,2000,160.0,5.0
2025,9,7,06 UTC,SEP,3000,130.0,9.0
2025,9,7,06 UTC,SEP,4000,295.0,9.0
2025,9,7,06 UTC,SEP,5000,120.0,3.0
2025,9,7,06 UTC,SEP,6000,80.0,3.0
2025,9,8,06 UTC,SEP,SURFACE,70.0,4.0
2025,9,8,06 UTC,SEP,1000,80.0,10.0
2025,9,8,06 UTC,SEP,2000,110.0,9.0
2025,9,8,06 UTC,SEP,3000,115.0,4.0
2025,9,8,06 UTC,SEP,4000,115.0,4.0
2025,9,8,06 UTC,SEP,5000,155.0,2.0
2025,9,8,06 UTC,SEP,6000,225.0,1.0
2025,9,8,06 UTC,SEP,7000,200.0,1.0
2025,9,8,06 UTC,SEP,8000,165.0,3.0
2025,9,9,06 UTC,SEP,SURFACE,100.0,4.0
2025,9,9,06 UTC,SEP,1000,100.0,9.0
2025,9,9,06 UTC,SEP,2000,100.0,5.0
2025,9,9,06 UTC,SEP,3000,85.0,5.0
2025,9,9,06 UTC,SEP,4000,110.0,6.0
2025,9,9,06 UTC,SEP,5000,90.0,5.0
2025,9,9,06 UTC,SEP,6000,75.0,11.0
2025,9,9,06 UTC,SEP,7000,70.0,9.0
2025,9,9,06 UTC,SEP,8000,55.0,14.0
2025,9,10,06 UTC,SEP,SURFACE,110.0,11.0
2025,9,10,06 UTC,SEP,1000,160.0,5.0
2025,9,10,06 UTC,SEP,2000,130.0,3.0
2025,9,10,06 UTC,SEP,3000,135.0,6.0
2025,9,10,06 UTC,SEP,4000,135.0,9.0
2025,9,10,06 UTC,SEP,5000,130.0,6.0
2025,9,10,06 UTC,SEP,6000,120.0,6.0
2025,9,10,06 UTC,SEP,7000,125.0,5.0
2025,9,10,06 UTC,SEP,8000,95.0,6.0
2025,9,10,06 UTC,SEP,9000,90.0,5.0
2025,9,10,06 UTC,SEP,10000,90.0,7.0
2025,9,11,06 UTC,SEP,SURFACE,90.0,7.0
2025,9,11,06 UTC,SEP,1000,120.0,6.0
2025,9,11,06 UTC,SEP,2000,105.0,12.0
2025,9,11,06 UTC,SEP,3000,110.0,15.0
2025,9,11,06 UTC,SEP,4000,105.0,25.0
2025,9,11,06 UTC,SEP,5000,105.0,23.0
2025,9,11,06 UTC,SEP,6000,95.0,15.0
2025,9,11,06 UTC,SEP,7000,90.0,11.0
2025,9,12,06 UTC,SEP,SURFACE,120.0,6.0
2025,9,12,06 UTC,SEP,1000,285.0,1.0
2025,9,12,06 UTC,SEP,2000,145.0,2.0
2025,9,12,06 UTC,SEP,3000,105.0,4.0
2025,9,12,06 UTC,SEP,4000,120.0,6.0
2025,9,12,06 UTC,SEP,5000,105.0,8.0
2025,9,12,06 UTC,SEP,6000,100.0,10.0
2025,9,12,06 UTC,SEP,7000,75.0,10.0
2025,9,13,06 UTC,SEP,SURFACE,70.0,5.0
2025,9,13,06 UTC,SEP,1000,80.0,8.0
2025,9,13,06 UTC,SEP,2000,80.0,13.0
2025,9,13,06 UTC,SEP,3000,90.0,21.0
2025,9,13,06 UTC,SEP,4000,95.0,13.0
2025,9,13,06 UTC,SEP,5000,95.0,12.0
2025,9,13,06 UTC,SEP,6000,90.0,12.0
2025,9,13,06 UTC,SEP,7000,85.0,12.0
2025,9,13,06 UTC,SEP,8000,105.0,12.0
2025,9,13,06 UTC,SEP,9000,115.0,11.0
2025,9,13,06 UTC,SEP,10000,110.0,14.0
2025,9,13,06 UTC,SEP,11000,110.0,15.0
2025,9,14,06 UTC,SEP,SURFACE,80.0,3.0
2025,9,14,06 UTC,SEP,1000,70.0,6.0
2025,9,14,06 UTC,SEP,2000,75.0,7.0
2025,9,14,06 UTC,SEP,3000,65.0,6.0
2025,9,14,06 UTC,SEP,4000,45.0,5.0
2025,9,14,06 UTC,SEP,5000,80.0,12.0
2025,9,14,06 UTC,SEP,6000,45.0,6.0
2025,9,14,06 UTC,SEP,7000,90.0,13.0
2025,9,14,06 UTC,SEP,8000,95.0,15.0
2025,9,14,06 UTC,SEP,9000,105.0,17.0
2025,9,14,06 UTC,SEP,10000,145.0,9.0
2025,9,15,06 UTC,SEP,SURFACE,100.0,9.0
2025,9,15,06 UTC,SEP,1000,195.0,2.0
2025,9,15,06 UTC,SEP,2000,125.0,4.0
2025,9,15,06 UTC,SEP,3000,135.0,3.0
2025,9,15,06 UTC,SEP,4000,145.0,3.0
2025,9,15,06 UTC,SEP,5000,115.0,4.0
2025,9,15,06 UTC,SEP,6000,105.0,5.0
2025,9,15,06 UTC,SEP,7000,70.0,5.0
2025,9,15,06 UTC,SEP,8000,55.0,5.0
2025,9,15,06 UTC,SEP,9000,45.0,3.0
2025,9,15,06 UTC,SEP,10000,110.0,2.0
2025,9,16,06 UTC,SEP,SURFACE,90.0,11.0
2025,9,16,06 UTC,SEP,1000,100.0,9.0
2025,9,16,06 UTC,SEP,2000,90.0,7.0
2025,9,16,06 UTC,SEP,3000,70.0,1.0
2025,9,16,06 UTC,SEP,4000,265.0,3.0
2025,9,16,06 UTC,SEP,5000,320.0,2.0
2025,9,16,06 UTC,SEP,6000,295.0,4.0
2025,9,16,06 UTC,SEP,7000,260.0,1.0
2025,9,16,06 UTC,SEP,8000,145.0,2.0
2025,9,16,06 UTC,SEP,9000,105.0,4.0
2025,9,16,06 UTC,SEP,10000,145.0,3.0
2025,9,16,06 UTC,SEP,11000,115.0,3.0
2025,9,17,06 UTC,SEP,SURFACE,100.0,5.0
2025,9,17,06 UTC,SEP,1000,95.0,8.0
2025,9,17,06 UTC,SEP,2000,90.0,8.0
2025,9,17,06 UTC,SEP,3000,100.0,6.0
2025,9,17,06 UTC,SEP,4000,105.0,7.0
2025,9,17,06 UTC,SEP,5000,115.0,4.0
2025,9,17,06 UTC,SEP,6000,105.0,5.0
2025,9,17,06 UTC,SEP,7000,105.0,3.0
2025,9,17,06 UTC,SEP,8000,105.0,3.0
2025,9,17,06 UTC,SEP,9000,110.0,2.0
2025,9,18,06 UTC,SEP,SURFACE,90.0,6.0
2025,9,18,06 UTC,SEP,1000,85.0,4.0
2025,9,18,06 UTC,SEP,2000,90.0,12.0
2025,9,18,06 UTC,SEP,3000,85.0,14.0
2025,9,18,06 UTC,SEP,4000,85.0,11.0
2025,9,18,06 UTC,SEP,5000,95.0,5.0
2025,9,18,06 UTC,SEP,6000,75.0,7.0
2025,9,18,06 UTC,SEP,7000,100.0,4.0
2025,9,18,06 UTC,SEP,8000,150.0,4.0
2025,9,18,06 UTC,SEP,9000,120.0,5.0
2025,9,18,06 UTC,SEP,10000,80.0,12.0
2025,9,19,06 UTC,SEP,SURFACE,100.0,11.0
2025,9,19,06 UTC,SEP,1000,100.0,9.0
2025,9,19,06 UTC,SEP,2000,90.0,15.0
2025,9,19,06 UTC,SEP,3000,85.0,15.0
2025,9,19,06 UTC,SEP,4000,80.0,18.0
2025,9,19,06 UTC,SEP,5000,70.0,6.0
2025,9,19,06 UTC,SEP,6000,105.0,21.0
2025,9,19,06 UTC,SEP,7000,135.0,10.0
2025,9,19,06 UTC,SEP,8000,75.0,26.0
2025,9,20,06 UTC,SEP,SURFACE,90.0,7.0
2025,9,20,06 UTC,SEP,1000,95.0,6.0
2025,9,20,06 UTC,SEP,2000,110.0,8.0
2025,9,20,06 UTC,SEP,3000,105.0,6.0
2025,9,20,06 UTC,SEP,4000,75.0,7.0
2025,9,20,06 UTC,SEP,5000,60.0,6.0
2025,9,20,06 UTC,SEP,6000,65.0,4.0
2025,9,20,06 UTC,SEP,7000,15.0,5.0
2025,9,20,06 UTC,SEP,8000,20.0,5.0
2025,9,20,06 UTC,SEP,9000,30.0,5.0
2025,9,20,06 UTC,SEP,10000,25.0,4.0
2025,9,21,06 UTC,SEP,SURFACE,90.0,3.0
2025,9,21,06 UTC,SEP,1000,75.0,11.0
2025,9,21,06 UTC,SEP,2000,140.0,5.0
2025,9,21,06 UTC,SEP,3000,110.0,11.0
2025,9,21,06 UTC,SEP,4000,100.0,9.0
2025,9,21,06 UTC,SEP,5000,105.0,6.0
2025,9,21,06 UTC,SEP,6000,75.0,4.0
2025,9,21,06 UTC,SEP,7000,105.0,6.0
2025,9,21,06 UTC,SEP,8000,110.0,9.0
2025,9,22,06 UTC,SEP,SURFACE,70.0,7.0
2025,9,22,06 UTC,SEP,1000,100.0,6.0
2025,9,22,06 UTC,SEP,2000,100.0,5.0
2025,9,22,06 UTC,SEP,3000,135.0,4.0
2025,9,22,06 UTC,SEP,4000,125.0,8.0
2025,9,22,06 UTC,SEP,5000,130.0,7.0
2025,9,22,06 UTC,SEP,6000,90.0,4.0
2025,9,23,06 UTC,SEP,SURFACE,70.0,4.0
2025,9,23,06 UTC,SEP,1000,55.0,5.0
2025,9,23,06 UTC,SEP,2000,25.0,4.0
2025,9,23,06 UTC,SEP,3000,360.0,1.0
2025,9,23,06 UTC,SEP,4000,355.0,2.0
2025,9,23,06 UTC,SEP,5000,325.0,2.0
2025,9,23,06 UTC,SEP,6000,50.0,1.0
2025,9,23,06 UTC,SEP,7000,50.0,5.0
2025,9,23,06 UTC,SEP,8000,60.0,7.0
2025,9,24,06 UTC,SEP,SURFACE,50.0,5.0
2025,9,24,06 UTC,SEP,1000,105.0,8.0
2025,9,24,06 UTC,SEP,2000,80.0,5.0
2025,9,24,06 UTC,SEP,3000,100.0,3.0
2025,9,24,06 UTC,SEP,4000,75.0,3.0
2025,9,24,06 UTC,SEP,5000,235.0,1.0
2025,9,24,06 UTC,SEP,6000,260.0,8.0
2025,9,24,06 UTC,SEP,7000,185.0,6.0
2025,9,24,06 UTC,SEP,8000,150.0,2.0
2025,9,24,06 UTC,SEP,9000,155.0,2.0
2025,9,24,06 UTC,SEP,10000,160.0,2.0
2025,9,25,06 UTC,SEP,SURFACE,80.0,5.0
2025,9,25,06 UTC,SEP,1000,90.0,7.0
2025,9,25,06 UTC,SEP,2000,125.0,5.0
2025,9,25,06 UTC,SEP,3000,135.0,5.0
2025,9,25,06 UTC,SEP,4000,135.0,5.0
2025,9,25,06 UTC,SEP,5000,130.0,5.0
2025,9,25,06 UTC,SEP,6000,140.0,6.0
2025,9,25,06 UTC,SEP,7000,110.0,5.0
2025,9,25,06 UTC,SEP,8000,100.0,8.0
2025,9,26,06 UTC,SEP,SURFACE,100.0,6.0
2025,9,26,06 UTC,SEP,1000,75.0,9.0
2025,9,26,06 UTC,SEP,2000,120.0,3.0
2025,9,26,06 UTC,SEP,3000,115.0,8.0
2025,9,26,06 UTC,SEP,4000,110.0,9.0
2025,9,26,06 UTC,SEP,5000,95.0,10.0
2025,9,26,06 UTC,SEP,6000,105.0,14.0
2025,9,26,06 UTC,SEP,7000,100.0,14.0
2025,9,27,06 UTC,SEP,SURFACE,70.0,5.0
2025,9,27,06 UTC,SEP,1000,105.0,12.0
2025,9,27,06 UTC,SEP,2000,115.0,16.0
2025,9,27,06 UTC,SEP,3000,95.0,17.0
2025,9,27,06 UTC,SEP,4000,75.0,16.0
2025,9,27,06 UTC,SEP,5000,80.0,14.0
2025,9,27,06 UTC,SEP,6000,65.0,13.0
2025,9,27,06 UTC,SEP,7000,80.0,10.0
2025,9,27,06 UTC,SEP,8000,80.0,9.0
2025,9,28,06 UTC,SEP,SURFACE,100.0,10.0
2025,9,28,06 UTC,SEP,1000,120.0,6.0
2025,9,28,06 UTC,SEP,2000,95.0,8.0
2025,9,28,06 UTC,SEP,3000,90.0,10.0
2025,9,28,06 UTC,SEP,4000,80.0,10.0
2025,9,28,06 UTC,SEP,5000,80.0,9.0
2025,9,28,06 UTC,SEP,6000,50.0,11.0
2025,9,28,06 UTC,SEP,7000,55.0,7.0
2025,9,28,06 UTC,SEP,8000,65.0,4.0
2025,9,28,06 UTC,SEP,9000,80.0,6.0
2025,9,28,06 UTC,SEP,10000,40.0,4.0
2025,9,28,06 UTC,SEP,11000,30.0,3.0
2025,9,29,06 UTC,SEP,SURFACE,60.0,7.0
2025,9,29,06 UTC,SEP,1000,95.0,8.0
2025,9,29,06 UTC,SEP,2000,105.0,7.0
2025,9,29,06 UTC,SEP,3000,105.0,12.0
2025,9,29,06 UTC,SEP,4000,100.0,7.0
2025,9,29,06 UTC,SEP,5000,90.0,13.0
2025,9,29,06 UTC,SEP,6000,75.0,12.0
2025,9,29,06 UTC,SEP,7000,75.0,12.0
2025,9,29,06 UTC,SEP,8000,60.0,16.0
2025,9,30,06 UTC,SEP,SURFACE,80.0,6.0
2025,9,30,06 UTC,SEP,1000,115.0,3.0
2025,9,30,06 UTC,SEP,2000,90.0,4.0
2025,9,30,06 UTC,SEP,3000,90.0,7.0
2025,9,30,06 UTC,SEP,4000,95.0,8.0
2025,9,30,06 UTC,SEP,5000,95.0,8.0
2025,9,30,06 UTC,SEP,6000,85.0,6.0
2025,9,30,06 UTC,SEP,7000,80.0,7.0
2025,9,30,06 UTC,SEP,8000,75.0,6.0
2025,10,1,06 UTC,OKT,SURFACE,50.0,8.0
2025,10,1,06 UTC,OKT,1000,65.0,8.0
2025,10,1,06 UTC,OKT,2000,75.0,15.0
2025,10,1,06 UTC,OKT,3000,65.0,13.0
2025,10,1,06 UTC,OKT,4000,75.0,12.0
2025,10,1,06 UTC,OKT,5000,50.0,6.0
2025,10,1,06 UTC,OKT,6000,70.0,8.0
2025,10,1,06 UTC,OKT,7000,65.0,8.0
2025,10,2,06 UTC,OKT,SURFACE,80.0,6.0
2025,10,2,06 UTC,OKT,1000,55.0,9.0
2025,10,2,06 UTC,OKT,2000,70.0,10.0
2025,10,2,06 UTC,OKT,3000,75.0,6.0
2025,10,2,06 UTC,OKT,4000,80.0,8.0
2025,10,2,06 UTC,OKT,5000,90.0,15.0
2025,10,2,06 UTC,OKT,6000,85.0,17.0
2025,10,3,06 UTC,OKT,SURFACE,70.0,7.0
2025,10,3,06 UTC,OKT,1000,80.0,8.0
2025,10,3,06 UTC,OKT,2000,90.0,6.0
2025,10,3,06 UTC,OKT,3000,150.0,3.0
2025,10,3,06 UTC,OKT,4000,290.0,3.0
2025,10,3,06 UTC,OKT,5000,260.0,5.0
2025,10,3,06 UTC,OKT,6000,275.0,1.0
2025,10,3,06 UTC,OKT,7000,265.0,1.0
2025,10,4,06 UTC,OKT,SURFACE,80.0,6.0
2025,10,4,06 UTC,OKT,1000,70.0,9.0
2025,10,4,06 UTC,OKT,2000,65.0,8.0
2025,10,4,06 UTC,OKT,3000,60.0,14.0
2025,10,4,06 UTC,OKT,4000,80.0,10.0
2025,10,4,06 UTC,OKT,5000,105.0,11.0
2025,10,4,06 UTC,OKT,6000,95.0,10.0
2025,10,4,06 UTC,OKT,7000,115.0,10.0
2025,10,4,06 UTC,OKT,8000,95.0,7.0
2025,10,4,06 UTC,OKT,9000,125.0,7.0
2025,10,4,06 UTC,OKT,10000,155.0,8.0
2025,10,5,06 UTC,OKT,SURFACE,80.0,6.0
2025,10,5,06 UTC,OKT,1000,90.0,3.0
2025,10,5,06 UTC,OKT,2000,95.0,8.0
2025,10,5,06 UTC,OKT,3000,95.0,10.0
2025,10,5,06 UTC,OKT,4000,100.0,8.0
2025,10,5,06 UTC,OKT,5000,80.0,11.0
2025,10,5,06 UTC,OKT,6000,75.0,13.0
2025,10,5,06 UTC,OKT,7000,75.0,14.0
2025,10,5,06 UTC,OKT,8000,75.0,12.0
2025,10,5,06 UTC,OKT,9000,95.0,10.0
2025,10,5,06 UTC,OKT,10000,85.0,8.0
2025,10,6,06 UTC,OKT,SURFACE,90.0,6.0
2025,10,6,06 UTC,OKT,1000,115.0,10.0
2025,10,6,06 UTC,OKT,2000,110.0,9.0
2025,10,6,06 UTC,OKT,3000,105.0,9.0
2025,10,6,06 UTC,OKT,4000,100.0,7.0
2025,10,6,06 UTC,OKT,5000,105.0,12.0
2025,10,6,06 UTC,OKT,6000,100.0,12.0
2025,10,6,06 UTC,OKT,7000,100.0,12.0
2025,10,6,06 UTC,OKT,8000,95.0,9.0
2025,10,7,06 UTC,OKT,SURFACE,70.0,5.0
2025,10,7,06 UTC,OKT,1000,60.0,6.0
2025,10,7,06 UTC,OKT,2000,85.0,9.0
2025,10,7,06 UTC,OKT,3000,145.0,6.0
2025,10,7,06 UTC,OKT,4000,110.0,7.0
2025,10,7,06 UTC,OKT,5000,105.0,7.0
2025,10,7,06 UTC,OKT,6000,90.0,12.0
2025,10,7,06 UTC,OKT,7000,115.0,17.0
2025,10,7,06 UTC,OKT,8000,120.0,17.0
2025,10,7,06 UTC,OKT,9000,110.0,17.0
2025,10,7,06 UTC,OKT,10000,105.0,17.0
2025,10,8,06 UTC,OKT,SURFACE,60.0,5.0
2025,10,8,06 UTC,OKT,1000,80.0,9.0
2025,10,8,06 UTC,OKT,2000,155.0,3.0
2025,10,8,06 UTC,OKT,3000,145.0,5.0
2025,10,8,06 UTC,OKT,4000,165.0,5.0
2025,10,8,06 UTC,OKT,5000,170.0,4.0
2025,10,8,06 UTC,OKT,6000,155.0,4.0
2025,10,8,06 UTC,OKT,7000,145.0,5.0
2025,10,8,06 UTC,OKT,8000,125.0,5.0
2025,10,9,06 UTC,OKT,SURFACE,90.0,7.0
2025,10,9,06 UTC,OKT,1000,70.0,11.0
2025,10,9,06 UTC,OKT,2000,85.0,10.0
2025,10,9,06 UTC,OKT,3000,90.0,31.0
2025,10,9,06 UTC,OKT,4000,205.0,8.0
2025,10,9,06 UTC,OKT,5000,165.0,4.0
2025,10,9,06 UTC,OKT,6000,145.0,5.0
2025,10,9,06 UTC,OKT,7000,125.0,7.0
2025,10,9,06 UTC,OKT,8000,100.0,12.0
2025,10,9,06 UTC,OKT,9000,90.0,14.0
2025,10,9,06 UTC,OKT,10000,95.0,15.0
2025,10,9,06 UTC,OKT,11000,125.0,10.0
2025,10,10,06 UTC,OKT,SURFACE,90.0,7.0
2025,10,10,06 UTC,OKT,1000,205.0,1.0
2025,10,10,06 UTC,OKT,2000,145.0,1.0
2025,10,10,06 UTC,OKT,3000,100.0,3.0
2025,10,10,06 UTC,OKT,4000,75.0,5.0
2025,10,10,06 UTC,OKT,5000,65.0,3.0
2025,10,10,06 UTC,OKT,6000,80.0,6.0
2025,10,10,06 UTC,OKT,7000,95.0,6.0
2025,10,10,06 UTC,OKT,8000,90.0,7.0
2025,10,10,06 UTC,OKT,9000,85.0,5.0
2025,10,10,06 UTC,OKT,10000,135.0,3.0
2025,10,11,06 UTC,OKT,SURFACE,110.0,8.0
2025,10,11,06 UTC,OKT,1000,95.0,21.0
2025,10,11,06 UTC,OKT,2000,95.0,28.0
2025,10,11,06 UTC,OKT,3000,90.0,11.0
2025,10,11,06 UTC,OKT,4000,90.0,12.0
2025,10,11,06 UTC,OKT,5000,90.0,12.0
2025,10,11,06 UTC,OKT,6000,80.0,13.0
2025,10,11,06 UTC,OKT,7000,75.0,9.0
2025,10,11,06 UTC,OKT,8000,70.0,8.0
2025,10,12,06 UTC,OKT,SURFACE,90.0,10.0
2025,10,12,06 UTC,OKT,1000,110.0,13.0
2025,10,12,06 UTC,OKT,2000,60.0,23.0
2025,10,12,06 UTC,OKT,3000,85.0,19.0
2025,10,12,06 UTC,OKT,4000,80.0,15.0
2025,10,12,06 UTC,OKT,5000,70.0,19.0
2025,10,12,06 UTC,OKT,6000,80.0,16.0
2025,10,13,06 UTC,OKT,SURFACE,100.0,7.0
2025,10,13,06 UTC,OKT,1000,125.0,5.0
2025,10,13,06 UTC,OKT,2000,100.0,10.0
2025,10,13,06 UTC,OKT,3000,100.0,7.0
2025,10,13,06 UTC,OKT,4000,105.0,10.0
2025,10,13,06 UTC,OKT,5000,105.0,7.0
2025,10,13,06 UTC,OKT,6000,100.0,13.0
2025,10,13,06 UTC,OKT,7000,100.0,15.0
2025,10,13,06 UTC,OKT,8000,105.0,13.0
2025,10,13,06 UTC,OKT,9000,95.0,15.0
2025,10,13,06 UTC,OKT,10000,75.0,12.0
2025,10,14,06 UTC,OKT,SURFACE,80.0,5.0
2025,10,14,06 UTC,OKT,1000,90.0,6.0
2025,10,14,06 UTC,OKT,2000,5.0,15.0
2025,10,14,06 UTC,OKT,3000,115.0,8.0
2025,10,14,06 UTC,OKT,4000,125.0,5.0
2025,10,14,06 UTC,OKT,5000,85.0,12.0
2025,10,14,06 UTC,OKT,6000,70.0,15.0
2025,10,14,06 UTC,OKT,7000,80.0,14.0
2025,10,14,06 UTC,OKT,8000,90.0,13.0
2025,10,14,06 UTC,OKT,9000,95.0,15.0
2025,10,14,06 UTC,OKT,10000,235.0,6.0
2025,10,15,06 UTC,OKT,SURFACE,80.0,8.0
2025,10,15,06 UTC,OKT,1000,330.0,1.0
2025,10,15,06 UTC,OKT,2000,120.0,5.0
2025,10,15,06 UTC,OKT,3000,125.0,7.0
2025,10,15,06 UTC,OKT,4000,110.0,5.0
2025,10,15,06 UTC,OKT,5000,170.0,19.0
2025,10,15,06 UTC,OKT,6000,100.0,8.0
2025,10,15,06 UTC,OKT,7000,130.0,11.0
2025,10,15,06 UTC,OKT,8000,115.0,14.0
2025,10,15,06 UTC,OKT,9000,120.0,15.0
2025,10,15,06 UTC,OKT,10000,115.0,14.0
2025,10,16,06 UTC,OKT,SURFACE,90.0,8.0
2025,10,16,06 UTC,OKT,1000,85.0,7.0
2025,10,16,06 UTC,OKT,2000,80.0,10.0
2025,10,16,06 UTC,OKT,3000,85.0,17.0
2025,10,16,06 UTC,OKT,4000,80.0,13.0
2025,10,16,06 UTC,OKT,5000,75.0,14.0
2025,10,16,06 UTC,OKT,6000,75.0,10.0
2025,10,16,06 UTC,OKT,7000,70.0,11.0
2025,10,16,06 UTC,OKT,8000,75.0,12.0
2025,10,16,06 UTC,OKT,9000,70.0,11.0
2025,10,17,06 UTC,OKT,SURFACE,30.0,6.0
2025,10,17,06 UTC,OKT,1000,85.0,12.0
2025,10,17,06 UTC,OKT,2000,95.0,7.0
2025,10,17,06 UTC,OKT,3000,105.0,6.0
2025,10,17,06 UTC,OKT,4000,100.0,13.0
2025,10,17,06 UTC,OKT,5000,105.0,15.0
2025,10,17,06 UTC,OKT,6000,100.0,16.0
2025,10,17,06 UTC,OKT,7000,100.0,11.0
2025,10,18,06 UTC,OKT,SURFACE,90.0,5.0
2025,10,18,06 UTC,OKT,1000,105.0,11.0
2025,10,18,06 UTC,OKT,2000,100.0,10.0
2025,10,18,06 UTC,OKT,3000,80.0,11.0
2025,10,18,06 UTC,OKT,4000,70.0,12.0
2025,10,18,06 UTC,OKT,5000,70.0,8.0
2025,10,18,06 UTC,OKT,6000,110.0,9.0
2025,10,18,06 UTC,OKT,7000,120.0,11.0
2025,10,19,06 UTC,OKT,SURFACE,60.0,5.0
2025,10,19,06 UTC,OKT,1000,65.0,7.0
2025,10,19,06 UTC,OKT,2000,65.0,6.0
2025,10,19,06 UTC,OKT,3000,90.0,13.0
2025,10,19,06 UTC,OKT,4000,105.0,10.0
2025,10,19,06 UTC,OKT,5000,120.0,8.0
2025,10,19,06 UTC,OKT,6000,65.0,12.0
2025,10,19,06 UTC,OKT,7000,55.0,13.0
2025,10,19,06 UTC,OKT,8000,110.0,13.0
2025,10,20,06 UTC,OKT,SURFACE,70.0,7.0
2025,10,20,06 UTC,OKT,1000,75.0,2.0
2025,10,20,06 UTC,OKT,2000,90.0,5.0
2025,10,20,06 UTC,OKT,3000,90.0,5.0
2025,10,20,06 UTC,OKT,4000,95.0,7.0
2025,10,20,06 UTC,OKT,5000,80.0,6.0
2025,10,20,06 UTC,OKT,6000,85.0,8.0
2025,10,20,06 UTC,OKT,7000,90.0,8.0
2025,10,20,06 UTC,OKT,8000,90.0,12.0
2025,10,21,06 UTC,OKT,SURFACE,80.0,5.0
2025,10,21,06 UTC,OKT,1000,65.0,10.0
2025,10,21,06 UTC,OKT,2000,85.0,9.0
2025,10,21,06 UTC,OKT,3000,75.0,14.0
2025,10,21,06 UTC,OKT,4000,80.0,15.0
2025,10,21,06 UTC,OKT,5000,95.0,11.0
2025,10,21,06 UTC,OKT,6000,80.0,13.0
2025,10,21,06 UTC,OKT,7000,85.0,10.0
2025,10,21,06 UTC,OKT,8000,80.0,13.0
2025,10,22,06 UTC,OKT,SURFACE,360.0,11.0
2025,10,22,06 UTC,OKT,1000,235.0,3.0
2025,10,22,06 UTC,OKT,2000,135.0,2.0
2025,10,22,06 UTC,OKT,3000,105.0,2.0
2025,10,22,06 UTC,OKT,4000,90.0,1.0
2025,10,22,06 UTC,OKT,5000,90.0,4.0
2025,10,23,06 UTC,OKT,SURFACE,70.0,4.0
2025,10,23,06 UTC,OKT,1000,80.0,4.0
2025,10,23,06 UTC,OKT,2000,100.0,3.0
2025,10,23,06 UTC,OKT,3000,110.0,2.0
2025,10,23,06 UTC,OKT,4000,110.0,3.0
2025,10,23,06 UTC,OKT,5000,115.0,3.0
2025,10,23,06 UTC,OKT,6000,95.0,4.0
2025,10,23,06 UTC,OKT,7000,70.0,4.0
2025,10,24,06 UTC,OKT,SURFACE,120.0,5.0
2025,10,24,06 UTC,OKT,1000,160.0,2.0
2025,10,24,06 UTC,OKT,2000,150.0,3.0
2025,10,24,06 UTC,OKT,3000,145.0,3.0
2025,10,24,06 UTC,OKT,4000,170.0,4.0
2025,10,24,06 UTC,OKT,5000,165.0,5.0
2025,10,24,06 UTC,OKT,6000,190.0,5.0
2025,10,24,06 UTC,OKT,7000,190.0,5.0
2025,10,24,06 UTC,OKT,8000,195.0,5.0
2025,10,25,06 UTC,OKT,SURFACE,150.0,3.0
2025,10,25,06 UTC,OKT,1000,150.0,2.0
2025,10,25,06 UTC,OKT,2000,110.0,2.0
2025,10,25,06 UTC,OKT,3000,110.0,3.0
2025,10,25,06 UTC,OKT,4000,105.0,3.0
2025,10,25,06 UTC,OKT,5000,130.0,4.0
2025,10,25,06 UTC,OKT,6000,120.0,3.0
2025,10,25,06 UTC,OKT,7000,170.0,2.0
2025,10,25,06 UTC,OKT,8000,120.0,3.0
2025,10,25,06 UTC,OKT,9000,100.0,4.0
2025,10,25,06 UTC,OKT,10000,80.0,5.0
2025,10,25,06 UTC,OKT,11000,85.0,5.0
2025,10,26,06 UTC,OKT,SURFACE,50.0,3.0
2025,10,26,06 UTC,OKT,1000,70.0,4.0
2025,10,26,06 UTC,OKT,2000,75.0,5.0
2025,10,26,06 UTC,OKT,3000,85.0,4.0
2025,10,26,06 UTC,OKT,4000,80.0,5.0
2025,10,26,06 UTC,OKT,5000,80.0,6.0
2025,10,26,06 UTC,OKT,6000,95.0,4.0
2025,10,26,06 UTC,OKT,7000,90.0,3.0
2025,10,26,06 UTC,OKT,8000,85.0,5.0
2025,10,26,06 UTC,OKT,9000,70.0,4.0
2025,10,27,06 UTC,OKT,SURFACE,100.0,3.0
2025,10,27,06 UTC,OKT,1000,60.0,7.0
2025,10,27,06 UTC,OKT,2000,20.0,5.0
2025,10,27,06 UTC,OKT,3000,25.0,5.0
2025,10,27,06 UTC,OKT,4000,30.0,5.0
2025,10,27,06 UTC,OKT,5000,50.0,7.0
2025,10,27,06 UTC,OKT,6000,70.0,7.0
2025,10,27,06 UTC,OKT,7000,75.0,6.0
2025,10,27,06 UTC,OKT,8000,55.0,5.0
2025,10,27,06 UTC,OKT,9000,360.0,2.0
2025,10,27,06 UTC,OKT,10000,15.0,5.0
2025,10,27,06 UTC,OKT,11000,65.0,5.0
2025,10,27,06 UTC,OKT,12000,70.0,7.0
2025,10,27,06 UTC,OKT,13000,60.0,12.0
2025,10,27,06 UTC,OKT,14000,95.0,9.0
2025,10,27,06 UTC,OKT,15000,105.0,10.0
2025,10,27,06 UTC,OKT,16000,65.0,5.0
2025,10,28,06 UTC,OKT,SURFACE,70.0,4.0
2025,10,28,06 UTC,OKT,1000,40.0,4.0
2025,10,28,06 UTC,OKT,2000,10.0,3.0
2025,10,28,06 UTC,OKT,3000,345.0,3.0
2025,10,28,06 UTC,OKT,4000,350.0,10.0
2025,10,28,06 UTC,OKT,5000,345.0,6.0
2025,10,28,06 UTC,OKT,6000,15.0,3.0
2025,10,30,06 UTC,OKT,SURFACE,80.0,5.0
2025,10,30,06 UTC,OKT,1000,110.0,2.0
2025,10,30,06 UTC,OKT,2000,35.0,8.0
2025,10,30,06 UTC,OKT,3000,60.0,2.0
2025,10,30,06 UTC,OKT,4000,15.0,2.0
2025,10,30,06 UTC,OKT,5000,50.0,2.0
2025,10,30,06 UTC,OKT,6000,80.0,2.0
2025,10,30,06 UTC,OKT,7000,35.0,1.0
2025,10,30,06 UTC,OKT,8000,70.0,3.0
2025,10,30,06 UTC,OKT,9000,50.0,2.0
2025,10,30,06 UTC,OKT,10000,42.0,2.0
2025,10,31,06 UTC,OKT,SURFACE,90.0,7.0
2025,10,31,06 UTC,OKT,1000,70.0,8.0
2025,10,31,06 UTC,OKT,2000,85.0,11.0
2025,10,31,06 UTC,OKT,3000,65.0,10.0
2025,10,31,06 UTC,OKT,4000,60.0,10.0
2025,10,31,06 UTC,OKT,5000,55.0,11.0
2025,10,31,06 UTC,OKT,6000,65.0,12.0
2025,10,31,06 UTC,OKT,7000,65.0,12.0
2025,10,31,06 UTC,OKT,8000,75.0,9.0
2025,11,1,06 UTC,NOV,SURFACE,90.0,6.0
2025,11,1,06 UTC,NOV,1000,90.0,9.0
2025,11,1,06 UTC,NOV,2000,0.0,12.0
2025,11,1,06 UTC,NOV,3000,90.0,10.0
2025,11,1,06 UTC,NOV,4000,90.0,12.0
2025,11,1,06 UTC,NOV,5000,85.0,12.0
2025,11,1,06 UTC,NOV,6000,60.0,9.0
2025,11,1,06 UTC,NOV,7000,50.0,12.0
2025,11,1,06 UTC,NOV,8000,55.0,10.0
2025,11,1,06 UTC,NOV,9000,65.0,8.0
2025,11,1,06 UTC,NOV,10000,60.0,6.0
2025,11,1,06 UTC,NOV,11000,15.0,8.0
2025,11,1,06 UTC,NOV,12000,20.0,9.0
2025,11,1,06 UTC,NOV,13000,25.0,11.0
2025,11,1,06 UTC,NOV,14000,25.0,12.0
2025,11,1,06 UTC,NOV,15000,10.0,14.0
2025,11,2,06 UTC,NOV,SURFACE,70.0,9.0
2025,11,2,06 UTC,NOV,1000,80.0,10.0
2025,11,2,06 UTC,NOV,2000,85.0,8.0
2025,11,2,06 UTC,NOV,3000,85.0,9.0
2025,11,2,06 UTC,NOV,4000,85.0,9.0
2025,11,2,06 UTC,NOV,5000,80.0,8.0
2025,11,2,06 UTC,NOV,6000,85.0,10.0
2025,11,2,06 UTC,NOV,7000,65.0,12.0
2025,11,2,06 UTC,NOV,8000,75.0,9.0
2025,11,2,06 UTC,NOV,9000,75.0,7.0
2025,11,2,06 UTC,NOV,10000,70.0,5.0
2025,11,6,06 UTC,NOV,SURFACE,60.0,6.0
2025,11,6,06 UTC,NOV,1000,100.0,3.0
2025,11,6,06 UTC,NOV,2000,290.0,6.0
2025,11,6,06 UTC,NOV,3000,140.0,4.0
2025,11,6,06 UTC,NOV,4000,175.0,8.0
2025,11,6,06 UTC,NOV,5000,190.0,2.0
2025,11,6,06 UTC,NOV,6000,245.0,3.0
2025,11,7,06 UTC,NOV,SURFACE,70.0,6.0
2025,11,7,06 UTC,NOV,1000,75.0,6.0
2025,11,7,06 UTC,NOV,2000,60.0,6.0
2025,11,7,06 UTC,NOV,3000,55.0,5.0
2025,11,7,06 UTC,NOV,4000,60.0,1.0
2025,11,7,06 UTC,NOV,5000,5.0,7.0
2025,11,7,06 UTC,NOV,6000,350.0,10.0
2025,11,7,06 UTC,NOV,7000,325.0,10.0
2025,11,7,06 UTC,NOV,8000,320.0,9.0
2025,11,8,06 UTC,NOV,SURFACE,70.0,3.0
2025,11,8,06 UTC,NOV,1000,55.0,5.0
2025,11,8,06 UTC,NOV,2000,45.0,5.0
2025,11,8,06 UTC,NOV,3000,35.0,5.0
2025,11,8,06 UTC,NOV,4000,50.0,6.0
2025,11,8,06 UTC,NOV,5000,40.0,6.0
2025,11,8,06 UTC,NOV,6000,65.0,5.0
2025,11,8,06 UTC,NOV,7000,65.0,9.0
2025,11,9,06 UTC,NOV,SURFACE,60.0,3.0
2025,11,9,06 UTC,NOV,1000,260.0,5.0
2025,11,9,06 UTC,NOV,2000,275.0,6.0
2025,11,9,06 UTC,NOV,3000,260.0,4.0
2025,11,9,06 UTC,NOV,4000,235.0,3.0
2025,11,9,06 UTC,NOV,5000,255.0,4.0
2025,11,9,06 UTC,NOV,6000,295.0,9.0
2025,11,9,06 UTC,NOV,7000,260.0,7.0
2025,11,10,06 UTC,NOV,SURFACE,110.0,7.0
2025,11,10,06 UTC,NOV,1000,115.0,3.0
2025,11,10,06 UTC,NOV,2000,120.0,3.0
2025,11,10,06 UTC,NOV,3000,115.0,4.0
2025,11,10,06 UTC,NOV,4000,120.0,5.0
2025,11,10,06 UTC,NOV,5000,120.0,4.0
2025,11,11,06 UTC,NOV,SURFACE,280.0,4.0
2025,11,11,06 UTC,NOV,1000,305.0,6.0
2025,11,11,06 UTC,NOV,2000,300.0,3.0
2025,11,11,06 UTC,NOV,3000,285.0,4.0
2025,11,11,06 UTC,NOV,4000,295.0,5.0
2025,11,11,06 UTC,NOV,5000,310.0,5.0
2025,11,13,06 UTC,NOV,SURFACE,230.0,2.0
2025,11,13,06 UTC,NOV,1000,280.0,4.0
2025,11,13,06 UTC,NOV,2000,265.0,5.0
2025,11,13,06 UTC,NOV,3000,250.0,5.0
2025,11,13,06 UTC,NOV,4000,250.0,11.0
2025,11,13,06 UTC,NOV,5000,245.0,9.0
2025,11,13,06 UTC,NOV,6000,245.0,14.0
2025,11,13,06 UTC,NOV,7000,230.0,8.0
2025,11,13,06 UTC,NOV,8000,220.0,11.0
2025,11,14,06 UTC,NOV,SURFACE,300.0,8.0
2025,11,14,06 UTC,NOV,1000,230.0,5.0
2025,11,14,06 UTC,NOV,2000,255.0,3.0
2025,11,14,06 UTC,NOV,3000,265.0,2.0
2025,11,14,06 UTC,NOV,4000,270.0,10.0
2025,11,14,06 UTC,NOV,5000,265.0,7.0
2025,11,14,06 UTC,NOV,6000,255.0,7.0
2025,11,14,06 UTC,NOV,7000,250.0,8.0
2025,11,14,06 UTC,NOV,8000,250.0,8.0
2025,11,14,06 UTC,NOV,9000,235.0,8.0
2025,11,14,06 UTC,NOV,10000,225.0,5.0
2025,11,14,06 UTC,NOV,11000,225.0,5.0
2025,11,15,06 UTC,NOV,SURFACE,340.0,2.0
2025,11,15,06 UTC,NOV,1000,350.0,5.0
2025,11,15,06 UTC,NOV,2000,345.0,8.0
2025,11,15,06 UTC,NOV,3000,330.0,6.0
2025,11,15,06 UTC,NOV,4000,340.0,5.0
2025,11,16,06 UTC,NOV,SURFACE,80.0,6.0
2025,11,16,06 UTC,NOV,1000,55.0,7.0
2025,11,16,06 UTC,NOV,2000,340.0,6.0
2025,11,16,06 UTC,NOV,3000,225.0,6.0
2025,11,16,06 UTC,NOV,4000,285.0,3.0
2025,11,16,06 UTC,NOV,5000,280.0,5.0
2025,11,17,06 UTC,NOV,SURFACE,40.0,2.0
2025,11,17,06 UTC,NOV,1000,75.0,5.0
2025,11,17,06 UTC,NOV,2000,150.0,2.0
2025,11,17,06 UTC,NOV,3000,245.0,2.0
2025,11,17,06 UTC,NOV,4000,255.0,2.0
2025,11,17,06 UTC,NOV,5000,260.0,1.0
2025,11,17,06 UTC,NOV,6000,255.0,1.0
2025,11,18,06 UTC,NOV,SURFACE,160.0,5.0
2025,11,18,06 UTC,NOV,1000,165.0,1.0
2025,11,18,06 UTC,NOV,2000,145.0,2.0
2025,11,18,06 UTC,NOV,3000,165.0,2.0
2025,11,18,06 UTC,NOV,4000,130.0,2.0
2025,11,18,06 UTC,NOV,5000,120.0,3.0
2025,11,18,06 UTC,NOV,6000,160.0,2.0
2025,11,18,06 UTC,NOV,7000,70.0,4.0
2025,11,19,06 UTC,NOV,SURFACE,50.0,4.0
2025,11,19,06 UTC,NOV,1000,0.0,0.0
2025,11,19,06 UTC,NOV,2000,225.0,1.0
2025,11,19,06 UTC,NOV,3000,15.0,1.0
2025,11,19,06 UTC,NOV,4000,230.0,1.0
2025,11,19,06 UTC,NOV,5000,315.0,1.0
2025,11,19,06 UTC,NOV,6000,290.0,4.0
2025,11,19,06 UTC,NOV,7000,270.0,3.0
2025,11,20,06 UTC,NOV,SURFACE,100.0,12.0
2025,11,20,06 UTC,NOV,1000,105.0,6.0
2025,11,20,06 UTC,NOV,2000,100.0,9.0
2025,11,20,06 UTC,NOV,3000,95.0,3.0
2025,11,20,06 UTC,NOV,4000,80.0,5.0
2025,11,20,06 UTC,NOV,5000,70.0,3.0
2025,11,20,06 UTC,NOV,6000,75.0,3.0
2025,11,20,06 UTC,NOV,7000,135.0,2.0
2025,11,20,06 UTC,NOV,8000,110.0,3.0
2025,11,21,06 UTC,NOV,SURFACE,310.0,8.0
2025,11,21,06 UTC,NOV,1000,295.0,16.0
2025,11,21,06 UTC,NOV,2000,300.0,12.0
2025,11,21,06 UTC,NOV,3000,300.0,9.0
2025,11,21,06 UTC,NOV,4000,350.0,3.0
2025,11,21,06 UTC,NOV,5000,305.0,11.0
2025,11,21,06 UTC,NOV,6000,300.0,10.0
2025,11,21,06 UTC,NOV,7000,285.0,8.0
2025,11,22,06 UTC,NOV,SURFACE,100.0,5.0
2025,11,22,06 UTC,NOV,1000,110.0,5.0
2025,11,22,06 UTC,NOV,2000,135.0,5.0
2025,11,22,06 UTC,NOV,3000,140.0,4.0
2025,11,22,06 UTC,NOV,4000,170.0,5.0
2025,11,22,06 UTC,NOV,5000,180.0,6.0
2025,11,22,06 UTC,NOV,6000,200.0,7.0
2025,11,24,06 UTC,NOV,SURFACE,260.0,2.0
2025,11,24,06 UTC,NOV,1000,290.0,1.0
2025,11,24,06 UTC,NOV,2000,280.0,2.0
2025,11,24,06 UTC,NOV,3000,270.0,4.0
2025,11,24,06 UTC,NOV,4000,260.0,3.0
2025,11,24,06 UTC,NOV,5000,255.0,2.0
2025,11,24,06 UTC,NOV,6000,280.0,4.0
2025,11,24,06 UTC,NOV,7000,245.0,2.0
2025,11,24,06 UTC,NOV,8000,250.0,4.0
2025,11,24,06 UTC,NOV,9000,260.0,5.0
2025,11,24,06 UTC,NOV,10000,280.0,5.0
2025,11,25,06 UTC,NOV,SURFACE,150.0,11.0
2025,11,25,06 UTC,NOV,1000,205.0,8.0
2025,11,25,06 UTC,NOV,2000,265.0,5.0
2025,11,25,06 UTC,NOV,3000,300.0,6.0
2025,11,25,06 UTC,NOV,4000,280.0,5.0
2025,11,25,06 UTC,NOV,5000,265.0,4.0
2025,11,25,06 UTC,NOV,6000,275.0,6.0
2025,11,26,06 UTC,NOV,SURFACE,280.0,4.0
2025,11,26,06 UTC,NOV,1000,315.0,3.0
2025,11,26,06 UTC,NOV,2000,240.0,3.0
2025,11,26,06 UTC,NOV,3000,50.0,7.0
2025,11,26,06 UTC,NOV,4000,310.0,3.0
2025,11,26,06 UTC,NOV,5000,285.0,4.0
2025,11,27,06 UTC,NOV,SURFACE,90.0,6.0
2025,11,27,06 UTC,NOV,1000,110.0,5.0
2025,11,27,06 UTC,NOV,2000,140.0,5.0
2025,11,27,06 UTC,NOV,3000,195.0,6.0
2025,11,27,06 UTC,NOV,4000,175.0,8.0
2025,11,27,06 UTC,NOV,5000,165.0,6.0
2025,11,27,06 UTC,NOV,6000,180.0,6.0
2025,11,27,06 UTC,NOV,7000,190.0,4.0
2025,11,27,06 UTC,NOV,8000,170.0,3.0
2025,11,27,06 UTC,NOV,9000,180.0,4.0
2025,11,27,06 UTC,NOV,10000,195.0,3.0
2025,11,28,06 UTC,NOV,SURFACE,60.0,5.0
2025,11,28,06 UTC,NOV,1000,90.0,11.0
2025,11,28,06 UTC,NOV,2000,75.0,10.0
2025,11,28,06 UTC,NOV,3000,70.0,10.0
2025,11,28,06 UTC,NOV,4000,55.0,13.0
2025,11,28,06 UTC,NOV,5000,55.0,15.0
2025,11,28,06 UTC,NOV,6000,125.0,7.0
2025,11,28,06 UTC,NOV,7000,115.0,8.0
2025,11,28,06 UTC,NOV,8000,125.0,9.0
2025,11,29,06 UTC,NOV,SURFACE,140.0,8.0
2025,11,29,06 UTC,NOV,1000,95.0,2.0
2025,11,29,06 UTC,NOV,2000,180.0,4.0
2025,11,29,06 UTC,NOV,3000,75.0,1.0
2025,11,29,06 UTC,NOV,4000,40.0,2.0
2025,11,29,06 UTC,NOV,5000,285.0,1.0
2025,11,29,06 UTC,NOV,6000,80.0,3.0
2025,11,29,06 UTC,NOV,7000,35.0,2.0
2025,11,29,06 UTC,NOV,8000,300.0,1.0
2025,11,29,06 UTC,NOV,9000,20.0,1.0
2025,11,29,06 UTC,NOV,10000,75.0,2.0
2025,11,30,06 UTC,NOV,SURFACE,120.0,7.0
2025,11,30,06 UTC,NOV,1000,90.0,7.0
2025,11,30,06 UTC,NOV,2000,105.0,8.0
2025,11,30,06 UTC,NOV,3000,110.0,5.0
2025,11,30,06 UTC,NOV,4000,115.0,7.0
2025,11,30,06 UTC,NOV,5000,100.0,5.0
2025,11,30,06 UTC,NOV,6000,90.0,4.0
2025,12,1,06 UTC,DES,SURFACE,100.0,1.0
2025,12,1,06 UTC,DES,1000,65.0,9.0
2025,12,1,06 UTC,DES,2000,310.0,4.0
2025,12,1,06 UTC,DES,3000,170.0,4.0
2025,12,1,06 UTC,DES,4000,115.0,3.0
2025,12,1,06 UTC,DES,5000,115.0,5.0
2025,12,2,06 UTC,DES,SURFACE,300.0,4.0
2025,12,2,06 UTC,DES,1000,340.0,11.0
2025,12,2,06 UTC,DES,2000,315.0,6.0
2025,12,2,06 UTC,DES,3000,325.0,5.0
2025,12,2,06 UTC,DES,4000,315.0,3.0
2025,12,2,06 UTC,DES,5000,305.0,5.0
2025,12,2,06 UTC,DES,6000,220.0,5.0
2025,12,3,06 UTC,DES,SURFACE,70.0,7.0
2025,12,3,06 UTC,DES,1000,60.0,13.0
2025,12,3,06 UTC,DES,2000,30.0,6.0
2025,12,3,06 UTC,DES,3000,70.0,6.0
2025,12,3,06 UTC,DES,4000,85.0,6.0
2025,12,3,06 UTC,DES,5000,80.0,6.0
2025,12,3,06 UTC,DES,6000,100.0,6.0
2025,12,3,06 UTC,DES,7000,120.0,7.0
2025,12,5,06 UTC,DES,SURFACE,50.0,5.0
2025,12,5,06 UTC,DES,1000,40.0,8.0
2025,12,5,06 UTC,DES,2000,25.0,12.0
2025,12,5,06 UTC,DES,3000,355.0,7.0
2025,12,5,06 UTC,DES,4000,5.0,11.0
2025,12,5,06 UTC,DES,5000,10.0,9.0
2025,12,5,06 UTC,DES,6000,5.0,7.0
2025,12,5,06 UTC,DES,7000,350.0,14.0
2025,12,5,06 UTC,DES,8000,360.0,17.0
2025,12,6,06 UTC,DES,SURFACE,60.0,6.0
2025,12,6,06 UTC,DES,1000,75.0,9.0
2025,12,6,06 UTC,DES,2000,50.0,3.0
2025,12,6,06 UTC,DES,3000,310.0,1.0
2025,12,6,06 UTC,DES,4000,285.0,1.0
2025,12,6,06 UTC,DES,5000,100.0,2.0
2025,12,6,06 UTC,DES,6000,235.0,14.0
2025,12,6,06 UTC,DES,7000,305.0,1.0
2025,12,6,06 UTC,DES,8000,310.0,2.0
2025,12,6,06 UTC,DES,9000,240.0,2.0
2025,12,6,06 UTC,DES,10000,280.0,4.0
2025,12,6,06 UTC,DES,11000,280.0,1.0
2025,12,6,06 UTC,DES,12000,35.0,2.0
2025,12,7,06 UTC,DES,SURFACE,110.0,7.0
2025,12,7,06 UTC,DES,1000,125.0,9.0
2025,12,7,06 UTC,DES,2000,85.0,9.0
2025,12,7,06 UTC,DES,3000,60.0,10.0
2025,12,7,06 UTC,DES,4000,40.0,6.0
2025,12,7,06 UTC,DES,5000,15.0,8.0
2025,12,7,06 UTC,DES,6000,345.0,10.0
2025,12,7,06 UTC,DES,7000,350.0,8.0
2025,12,7,06 UTC,DES,8000,75.0,5.0
2025,12,9,06 UTC,DES,SURFACE,250.0,2.0
2025,12,9,06 UTC,DES,1000,175.0,8.0
2025,12,9,06 UTC,DES,2000,175.0,8.0
2025,12,9,06 UTC,DES,3000,165.0,7.0
2025,12,9,06 UTC,DES,4000,160.0,1.0
2025,12,9,06 UTC,DES,5000,100.0,4.0
2025,12,9,06 UTC,DES,6000,150.0,4.0
2025,12,9,06 UTC,DES,7000,160.0,3.0
2025,12,9,06 UTC,DES,8000,135.0,1.0
2025,12,9,06 UTC,DES,9000,135.0,5.0
2025,12,9,06 UTC,DES,10000,175.0,2.0
2025,12,10,06 UTC,DES,SURFACE,100.0,4.0
2025,12,10,06 UTC,DES,1000,110.0,4.0
2025,12,10,06 UTC,DES,2000,125.0,1.0
2025,12,10,06 UTC,DES,3000,180.0,2.0
2025,12,10,06 UTC,DES,4000,160.0,9.0
2025,12,10,06 UTC,DES,5000,195.0,5.0
2025,12,10,06 UTC,DES,6000,200.0,5.0
2025,12,10,06 UTC,DES,7000,210.0,6.0
2025,12,10,06 UTC,DES,8000,215.0,7.0
2025,12,10,06 UTC,DES,9000,180.0,9.0
2025,12,11,06 UTC,DES,SURFACE,70.0,3.0
2025,12,11,06 UTC,DES,1000,110.0,4.0
2025,12,11,06 UTC,DES,2000,185.0,3.0
2025,12,11,06 UTC,DES,3000,290.0,7.0
2025,12,11,06 UTC,DES,4000,190.0,9.0
2025,12,11,06 UTC,DES,5000,185.0,4.0
2025,12,12,06 UTC,DES,SURFACE,60.0,6.0
2025,12,12,06 UTC,DES,1000,80.0,6.0
2025,12,12,06 UTC,DES,2000,60.0,3.0
2025,12,12,06 UTC,DES,3000,75.0,3.0
2025,12,12,06 UTC,DES,4000,15.0,3.0
2025,12,12,06 UTC,DES,5000,340.0,2.0
2025,12,12,06 UTC,DES,6000,30.0,5.0
2025,12,12,06 UTC,DES,7000,30.0,4.0
2025,12,12,06 UTC,DES,8000,70.0,4.0
2025,12,13,06 UTC,DES,SURFACE,280.0,4.0
2025,12,13,06 UTC,DES,1000,315.0,9.0
2025,12,13,06 UTC,DES,2000,325.0,8.0
2025,12,13,06 UTC,DES,3000,285.0,8.0
2025,12,13,06 UTC,DES,4000,275.0,9.0
2025,12,13,06 UTC,DES,5000,270.0,9.0
2025,12,13,06 UTC,DES,6000,260.0,10.0
2025,12,13,06 UTC,DES,7000,265.0,12.0
2025,12,14,06 UTC,DES,SURFACE,240.0,8.0
2025,12,14,06 UTC,DES,1000,265.0,5.0
2025,12,14,06 UTC,DES,2000,275.0,7.0
2025,12,14,06 UTC,DES,3000,280.0,9.0
2025,12,14,06 UTC,DES,4000,280.0,7.0
2025,12,14,06 UTC,DES,5000,275.0,8.0
2025,12,14,06 UTC,DES,6000,265.0,8.0
2025,12,14,06 UTC,DES,7000,270.0,8.0
2025,12,14,06 UTC,DES,8000,285.0,7.0
2025,12,14,06 UTC,DES,9000,295.0,9.0
2025,12,14,06 UTC,DES,10000,295.0,8.0
2025,12,15,06 UTC,DES,SURFACE,240.0,12.0
2025,12,15,06 UTC,DES,1000,265.0,6.0
2025,12,15,06 UTC,DES,2000,280.0,8.0
2025,12,15,06 UTC,DES,3000,295.0,9.0
2025,12,15,06 UTC,DES,4000,295.0,8.0
2025,12,15,06 UTC,DES,5000,295.0,10.0
2025,12,15,06 UTC,DES,6000,300.0,7.0
2025,12,16,06 UTC,DES,SURFACE,120.0,8.0
2025,12,16,06 UTC,DES,1000,155.0,5.0
2025,12,16,06 UTC,DES,2000,245.0,6.0
2025,12,16,06 UTC,DES,3000,265.0,3.0
2025,12,16,06 UTC,DES,4000,240.0,6.0
2025,12,16,06 UTC,DES,5000,245.0,3.0
2025,12,17,06 UTC,DES,SURFACE,70.0,5.0
2025,12,17,06 UTC,DES,1000,95.0,10.0
2025,12,17,06 UTC,DES,2000,75.0,5.0
2025,12,17,06 UTC,DES,3000,225.0,2.0
2025,12,17,06 UTC,DES,4000,285.0,3.0
2025,12,17,06 UTC,DES,5000,270.0,5.0
2025,12,17,06 UTC,DES,6000,310.0,5.0
2025,12,17,06 UTC,DES,7000,280.0,3.0
2025,12,18,06 UTC,DES,SURFACE,320.0,2.0
2025,12,18,06 UTC,DES,1000,360.0,6.0
2025,12,18,06 UTC,DES,2000,355.0,7.0
2025,12,18,06 UTC,DES,3000,340.0,6.0
2025,12,18,06 UTC,DES,4000,320.0,9.0
2025,12,18,06 UTC,DES,5000,315.0,9.0
2025,12,18,06 UTC,DES,6000,305.0,7.0
2025,12,18,06 UTC,DES,7000,300.0,6.0
2025,12,18,06 UTC,DES,8000,265.0,6.0
2025,12,19,06 UTC,DES,SURFACE,160.0,3.0
2025,12,19,06 UTC,DES,1000,180.0,1.0
2025,12,19,06 UTC,DES,2000,195.0,1.0
2025,12,19,06 UTC,DES,3000,155.0,1.0
2025,12,19,06 UTC,DES,4000,135.0,3.0
2025,12,19,06 UTC,DES,5000,175.0,2.0
2025,12,19,06 UTC,DES,6000,230.0,3.0
2025,12,19,06 UTC,DES,7000,270.0,3.0
2025,12,20,06 UTC,DES,SURFACE,300.0,6.0
2025,12,20,06 UTC,DES,1000,310.0,8.0
2025,12,20,06 UTC,DES,2000,315.0,3.0
2025,12,20,06 UTC,DES,3000,315.0,5.0
2025,12,20,06 UTC,DES,4000,335.0,1.0
2025,12,20,06 UTC,DES,5000,325.0,3.0
2025,12,20,06 UTC,DES,6000,320.0,3.0
2025,12,20,06 UTC,DES,7000,330.0,5.0
2025,12,20,06 UTC,DES,8000,330.0,4.0
2025,12,21,06 UTC,DES,SURFACE,160.0,4.0
2025,12,21,06 UTC,DES,1000,310.0,5.0
2025,12,21,06 UTC,DES,2000,290.0,5.0
2025,12,21,06 UTC,DES,3000,260.0,6.0
2025,12,21,06 UTC,DES,4000,260.0,6.0
2025,12,21,06 UTC,DES,5000,230.0,8.0
2025,12,21,06 UTC,DES,6000,210.0,10.0
2025,12,21,06 UTC,DES,7000,250.0,6.0
2025,12,22,06 UTC,DES,SURFACE,290.0,6.0
2025,12,22,06 UTC,DES,1000,285.0,5.0
2025,12,22,06 UTC,DES,2000,265.0,5.0
2025,12,22,06 UTC,DES,3000,275.0,11.0
2025,12,22,06 UTC,DES,4000,260.0,9.0
2025,12,22,06 UTC,DES,5000,240.0,6.0
2025,12,22,06 UTC,DES,6000,255.0,9.0
2025,12,22,06 UTC,DES,7000,235.0,10.0
2025,12,23,06 UTC,DES,SURFACE,240.0,6.0
2025,12,23,06 UTC,DES,1000,55.0,2.0
2025,12,23,06 UTC,DES,2000,55.0,2.0
2025,12,23,06 UTC,DES,3000,40.0,2.0
2025,12,23,06 UTC,DES,4000,40.0,3.0
2025,12,23,06 UTC,DES,5000,30.0,2.0
2025,12,23,06 UTC,DES,6000,355.0,4.0
2025,12,23,06 UTC,DES,7000,300.0,9.0
2025,12,24,06 UTC,DES,SURFACE,290.0,7.0
2025,12,24,06 UTC,DES,1000,285.0,8.0
2025,12,24,06 UTC,DES,2000,300.0,9.0
2025,12,24,06 UTC,DES,3000,300.0,9.0
2025,12,24,06 UTC,DES,4000,295.0,8.0
2025,12,24,06 UTC,DES,5000,325.0,13.0
2025,12,24,06 UTC,DES,6000,320.0,23.0
2025,12,24,06 UTC,DES,7000,340.0,16.0
2025,12,25,06 UTC,DES,SURFACE,70.0,7.0
2025,12,25,06 UTC,DES,1000,105.0,5.0
2025,12,25,06 UTC,DES,2000,70.0,7.0
2025,12,25,06 UTC,DES,3000,25.0,5.0
2025,12,25,06 UTC,DES,4000,50.0,4.0
2025,12,25,06 UTC,DES,5000,40.0,4.0
2025,12,25,06 UTC,DES,6000,45.0,5.0
2025,12,25,06 UTC,DES,7000,40.0,6.0
2025,12,25,06 UTC,DES,8000,45.0,7.0
2025,12,25,06 UTC,DES,9000,65.0,6.0
2025,12,25,06 UTC,DES,10000,75.0,6.0
2025,12,26,06 UTC,DES,SURFACE,210.0,5.0
2025,12,26,06 UTC,DES,1000,210.0,3.0
2025,12,26,06 UTC,DES,2000,170.0,5.0
2025,12,26,06 UTC,DES,3000,175.0,4.0
2025,12,26,06 UTC,DES,4000,245.0,8.0
2025,12,26,06 UTC,DES,5000,245.0,10.0
2025,12,27,06 UTC,DES,SURFACE,280.0,4.0
2025,12,27,06 UTC,DES,1000,150.0,7.0
2025,12,27,06 UTC,DES,2000,140.0,3.0
2025,12,27,06 UTC,DES,3000,210.0,2.0
2025,12,27,06 UTC,DES,4000,260.0,3.0
2025,12,27,06 UTC,DES,5000,260.0,4.0
2025,12,27,06 UTC,DES,6000,250.0,4.0
2025,12,27,06 UTC,DES,7000,180.0,8.0
2025,12,28,06 UTC,DES,SURFACE,70.0,3.0
2025,12,28,06 UTC,DES,1000,320.0,2.0
2025,12,28,06 UTC,DES,2000,160.0,4.0
2025,12,28,06 UTC,DES,3000,190.0,7.0
2025,12,28,06 UTC,DES,4000,190.0,4.0
2025,12,28,06 UTC,DES,5000,190.0,2.0
2025,12,28,06 UTC,DES,6000,200.0,3.0
2025,12,28,06 UTC,DES,7000,210.0,2.0
2025,12,28,06 UTC,DES,8000,190.0,3.0
2025,12,29,06 UTC,DES,SURFACE,70.0,4.0
2025,12,29,06 UTC,DES,1000,170.0,7.0
2025,12,29,06 UTC,DES,2000,175.0,5.0
2025,12,29,06 UTC,DES,3000,190.0,3.0
2025,12,29,06 UTC,DES,4000,265.0,2.0
2025,12,29,06 UTC,DES,5000,310.0,2.0
2025,12,29,06 UTC,DES,6000,130.0,1.0
2025,12,29,06 UTC,DES,7000,140.0,3.0
2025,12,30,06 UTC,DES,SURFACE,70.0,7.0
2025,12,30,06 UTC,DES,1000,70.0,6.0
2025,12,30,06 UTC,DES,2000,35.0,6.0
2025,12,30,06 UTC,DES,3000,355.0,4.0
2025,12,30,06 UTC,DES,4000,335.0,5.0
2025,12,30,06 UTC,DES,5000,340.0,4.0
2025,12,30,06 UTC,DES,6000,345.0,3.0
2025,12,30,06 UTC,DES,7000,345.0,4.0
2025,12,31,06 UTC,DES,SURFACE,290.0,8.0
2025,12,31,06 UTC,DES,1000,285.0,15.0
2025,12,31,06 UTC,DES,2000,305.0,9.0
2025,12,31,06 UTC,DES,3000,290.0,17.0
2025,12,31,06 UTC,DES,4000,280.0,9.0
2025,12,31,06 UTC,DES,5000,280.0,9.0
2025,1,1,18 UTC,JAN,SURFACE,240.0,2.0
2025,1,1,18 UTC,JAN,1000,190.0,2.0
2025,1,1,18 UTC,JAN,2000,200.0,2.0
2025,1,1,18 UTC,JAN,3000,200.0,3.0
2025,1,1,18 UTC,JAN,4000,230.0,2.0
2025,1,1,18 UTC,JAN,5000,230.0,3.0
2025,1,1,18 UTC,JAN,6000,230.0,4.0
2025,1,1,18 UTC,JAN,7000,220.0,6.0
2025,1,2,18 UTC,JAN,SURFACE,180.0,5.0
2025,1,2,18 UTC,JAN,1000,140.0,5.0
2025,1,2,18 UTC,JAN,2000,150.0,5.0
2025,1,2,18 UTC,JAN,3000,160.0,4.0
2025,1,2,18 UTC,JAN,4000,155.0,2.0
2025,1,2,18 UTC,JAN,5000,280.0,2.0
2025,1,2,18 UTC,JAN,6000,250.0,4.0
2025,1,3,18 UTC,JAN,SURFACE,60.0,2.0
2025,1,3,18 UTC,JAN,1000,10.0,2.0
2025,1,3,18 UTC,JAN,2000,10.0,2.0
2025,1,3,18 UTC,JAN,3000,360.0,4.0
2025,1,3,18 UTC,JAN,4000,350.0,3.0
2025,1,3,18 UTC,JAN,5000,350.0,6.0
2025,1,3,18 UTC,JAN,6000,340.0,6.0
2025,1,4,18 UTC,JAN,SURFACE,300.0,4.0
2025,1,4,18 UTC,JAN,1000,330.0,2.0
2025,1,4,18 UTC,JAN,2000,290.0,2.0
2025,1,4,18 UTC,JAN,3000,230.0,3.0
2025,1,4,18 UTC,JAN,4000,250.0,5.0
2025,1,4,18 UTC,JAN,5000,220.0,3.0
2025,1,4,18 UTC,JAN,6000,190.0,4.0
2025,1,4,18 UTC,JAN,7000,210.0,4.0
2025,1,4,18 UTC,JAN,8000,210.0,4.0
2025,1,5,18 UTC,JAN,SURFACE,190.0,2.0
2025,1,5,18 UTC,JAN,1000,190.0,4.0
2025,1,5,18 UTC,JAN,2000,150.0,5.0
2025,1,5,18 UTC,JAN,3000,140.0,7.0
2025,1,5,18 UTC,JAN,4000,120.0,7.0
2025,1,5,18 UTC,JAN,5000,110.0,9.0
2025,1,5,18 UTC,JAN,6000,180.0,8.0
2025,1,5,18 UTC,JAN,7000,180.0,9.0
2025,1,5,18 UTC,JAN,8000,210.0,5.0
2025,1,6,18 UTC,JAN,SURFACE,250.0,4.0
2025,1,6,18 UTC,JAN,1000,310.0,2.0
2025,1,6,18 UTC,JAN,2000,310.0,4.0
2025,1,6,18 UTC,JAN,3000,335.0,2.0
2025,1,6,18 UTC,JAN,4000,330.0,1.0
2025,1,6,18 UTC,JAN,5000,295.0,2.0
2025,1,6,18 UTC,JAN,6000,265.0,2.0
2025,1,6,18 UTC,JAN,7000,275.0,1.0
2025,1,7,18 UTC,JAN,SURFACE,270.0,2.0
2025,1,7,18 UTC,JAN,1000,305.0,2.0
2025,1,7,18 UTC,JAN,2000,315.0,3.0
2025,1,7,18 UTC,JAN,3000,315.0,4.0
2025,1,7,18 UTC,JAN,4000,330.0,4.0
2025,1,7,18 UTC,JAN,5000,330.0,3.0
2025,1,7,18 UTC,JAN,6000,335.0,5.0
2025,1,8,18 UTC,JAN,SURFACE,280.0,3.0
2025,1,8,18 UTC,JAN,1000,300.0,3.0
2025,1,8,18 UTC,JAN,2000,315.0,3.0
2025,1,8,18 UTC,JAN,3000,315.0,3.0
2025,1,8,18 UTC,JAN,4000,325.0,2.0
2025,1,8,18 UTC,JAN,5000,345.0,3.0
2025,1,8,18 UTC,JAN,6000,360.0,3.0
2025,1,8,18 UTC,JAN,7000,340.0,2.0
2025,1,9,18 UTC,JAN,SURFACE,160.0,1.0
2025,1,10,18 UTC,JAN,SURFACE,280.0,4.0
2025,1,10,18 UTC,JAN,1000,100.0,3.0
2025,1,10,18 UTC,JAN,2000,240.0,2.0
2025,1,10,18 UTC,JAN,3000,170.0,5.0
2025,1,10,18 UTC,JAN,4000,180.0,4.0
2025,1,10,18 UTC,JAN,5000,205.0,4.0
2025,1,10,18 UTC,JAN,6000,210.0,7.0
2025,1,10,18 UTC,JAN,7000,200.0,5.0
2025,1,10,18 UTC,JAN,8000,225.0,6.0
2025,1,11,18 UTC,JAN,SURFACE,280.0,2.0
2025,1,11,18 UTC,JAN,1000,250.0,2.0
2025,1,11,18 UTC,JAN,2000,245.0,3.0
2025,1,11,18 UTC,JAN,3000,240.0,5.0
2025,1,11,18 UTC,JAN,4000,235.0,4.0
2025,1,11,18 UTC,JAN,5000,255.0,4.0
2025,1,11,18 UTC,JAN,6000,255.0,5.0
2025,1,12,18 UTC,JAN,SURFACE,250.0,3.0
2025,1,12,18 UTC,JAN,1000,264.0,4.0
2025,1,12,18 UTC,JAN,2000,285.0,3.0
2025,1,12,18 UTC,JAN,3000,305.0,3.0
2025,1,12,18 UTC,JAN,4000,305.0,3.0
2025,1,12,18 UTC,JAN,5000,315.0,3.0
2025,1,12,18 UTC,JAN,6000,275.0,3.0
2025,1,12,18 UTC,JAN,7000,270.0,4.0
2025,1,12,18 UTC,JAN,8000,270.0,4.0
2025,1,13,18 UTC,JAN,SURFACE,280.0,5.0
2025,1,13,18 UTC,JAN,1000,260.0,4.0
2025,1,13,18 UTC,JAN,2000,280.0,3.0
2025,1,13,18 UTC,JAN,3000,280.0,5.0
2025,1,13,18 UTC,JAN,4000,290.0,3.0
2025,1,13,18 UTC,JAN,5000,300.0,3.0
2025,1,13,18 UTC,JAN,6000,320.0,4.0
2025,1,13,18 UTC,JAN,7000,330.0,3.0
2025,1,13,18 UTC,JAN,8000,360.0,2.0
2025,1,14,18 UTC,JAN,SURFACE,290.0,2.0
2025,1,14,18 UTC,JAN,1000,315.0,1.0
2025,1,14,18 UTC,JAN,2000,260.0,2.0
2025,1,14,18 UTC,JAN,3000,270.0,2.0
2025,1,14,18 UTC,JAN,4000,275.0,3.0
2025,1,14,18 UTC,JAN,5000,275.0,3.0
2025,1,14,18 UTC,JAN,6000,280.0,2.0
2025,1,14,18 UTC,JAN,7000,310.0,3.0
2025,1,15,18 UTC,JAN,SURFACE,310.0,4.0
2025,1,15,18 UTC,JAN,1000,310.0,4.0
2025,1,15,18 UTC,JAN,2000,315.0,5.0
2025,1,15,18 UTC,JAN,3000,330.0,5.0
2025,1,15,18 UTC,JAN,4000,340.0,5.0
2025,1,15,18 UTC,JAN,5000,350.0,4.0
2025,1,15,18 UTC,JAN,6000,10.0,6.0
2025,1,16,18 UTC,JAN,SURFACE,270.0,8.0
2025,1,16,18 UTC,JAN,1000,275.0,7.0
2025,1,16,18 UTC,JAN,2000,300.0,3.0
2025,1,16,18 UTC,JAN,3000,305.0,9.0
2025,1,16,18 UTC,JAN,4000,310.0,9.0
2025,1,16,18 UTC,JAN,5000,270.0,6.0
2025,1,16,18 UTC,JAN,6000,260.0,6.0
2025,1,16,18 UTC,JAN,7000,315.0,7.0
2025,1,17,18 UTC,JAN,SURFACE,280.0,3.0
2025,1,17,18 UTC,JAN,1000,290.0,1.0
2025,1,17,18 UTC,JAN,2000,300.0,3.0
2025,1,17,18 UTC,JAN,3000,310.0,3.0
2025,1,17,18 UTC,JAN,4000,320.0,4.0
2025,1,17,18 UTC,JAN,5000,320.0,4.0
2025,1,17,18 UTC,JAN,6000,340.0,6.0
2025,1,17,18 UTC,JAN,7000,290.0,6.0
2025,1,18,18 UTC,JAN,SURFACE,320.0,2.0
2025,1,18,18 UTC,JAN,1000,250.0,4.0
2025,1,18,18 UTC,JAN,2000,260.0,7.0
2025,1,18,18 UTC,JAN,3000,280.0,8.0
2025,1,18,18 UTC,JAN,4000,265.0,6.0
2025,1,18,18 UTC,JAN,5000,240.0,5.0
2025,1,18,18 UTC,JAN,6000,220.0,6.0
2025,1,18,18 UTC,JAN,7000,260.0,7.0
2025,1,20,18 UTC,JAN,SURFACE,280.0,6.0
2025,1,22,18 UTC,JAN,SURFACE,300.0,2.0
2025,1,24,18 UTC,JAN,SURFACE,260.0,3.0
2025,1,24,18 UTC,JAN,1000,260.0,2.0
2025,1,24,18 UTC,JAN,2000,240.0,3.0
2025,1,24,18 UTC,JAN,3000,240.0,4.0
2025,1,24,18 UTC,JAN,4000,230.0,5.0
2025,1,24,18 UTC,JAN,5000,190.0,2.0
2025,1,24,18 UTC,JAN,6000,150.0,3.0
2025,1,24,18 UTC,JAN,7000,200.0,7.0
2025,1,24,18 UTC,JAN,8000,230.0,6.0
2025,1,25,18 UTC,JAN,SURFACE,300.0,4.0
2025,1,26,18 UTC,JAN,SURFACE,290.0,3.0
2025,1,26,18 UTC,JAN,1000,165.0,5.0
2025,1,26,18 UTC,JAN,2000,160.0,3.0
2025,1,26,18 UTC,JAN,3000,230.0,3.0
2025,1,26,18 UTC,JAN,4000,230.0,3.0
2025,1,26,18 UTC,JAN,5000,210.0,2.0
2025,1,26,18 UTC,JAN,6000,240.0,1.0
2025,1,27,18 UTC,JAN,SURFACE,280.0,3.0
2025,1,27,18 UTC,JAN,1000,260.0,2.0
2025,1,27,18 UTC,JAN,2000,270.0,3.0
2025,1,27,18 UTC,JAN,3000,280.0,4.0
2025,1,27,18 UTC,JAN,4000,280.0,6.0
2025,1,27,18 UTC,JAN,5000,270.0,4.0
2025,1,27,18 UTC,JAN,6000,260.0,5.0
2025,1,28,18 UTC,JAN,SURFACE,320.0,3.0
2025,1,28,18 UTC,JAN,1000,310.0,4.0
2025,1,28,18 UTC,JAN,2000,310.0,4.0
2025,1,28,18 UTC,JAN,3000,290.0,5.0
2025,1,28,18 UTC,JAN,4000,280.0,3.0
2025,1,28,18 UTC,JAN,5000,290.0,3.0
2025,1,28,18 UTC,JAN,6000,290.0,9.0
2025,1,28,18 UTC,JAN,7000,270.0,9.0
2025,1,28,18 UTC,JAN,8000,300.0,7.0
2025,1,29,18 UTC,JAN,SURFACE,270.0,0.0
2025,1,29,18 UTC,JAN,1000,280.0,6.0
2025,1,29,18 UTC,JAN,2000,290.0,7.0
2025,1,29,18 UTC,JAN,3000,260.0,5.0
2025,1,29,18 UTC,JAN,4000,250.0,8.0
2025,1,29,18 UTC,JAN,5000,230.0,9.0
2025,1,29,18 UTC,JAN,6000,220.0,12.0
2025,1,29,18 UTC,JAN,7000,230.0,8.0
2025,1,29,18 UTC,JAN,8000,190.0,5.0
2025,1,30,18 UTC,JAN,SURFACE,270.0,8.0
2025,1,30,18 UTC,JAN,1000,280.0,10.0
2025,1,30,18 UTC,JAN,2000,285.0,12.0
2025,1,30,18 UTC,JAN,3000,305.0,15.0
2025,1,30,18 UTC,JAN,4000,290.0,18.0
2025,1,30,18 UTC,JAN,5000,295.0,19.0
2025,1,30,18 UTC,JAN,6000,295.0,17.0
2025,2,1,18 UTC,FEB,SURFACE,290.0,7.0
2025,2,1,18 UTC,FEB,1000,285.0,9.0
2025,2,1,18 UTC,FEB,2000,270.0,13.0
2025,2,1,18 UTC,FEB,3000,245.0,11.0
2025,2,1,18 UTC,FEB,4000,255.0,14.0
2025,2,1,18 UTC,FEB,5000,320.0,4.0
2025,2,1,18 UTC,FEB,6000,255.0,3.0
2025,2,1,18 UTC,FEB,7000,300.0,2.0
2025,2,1,18 UTC,FEB,8000,65.0,5.0
2025,2,1,18 UTC,FEB,9000,95.0,11.0
2025,2,2,18 UTC,FEB,SURFACE,270.0,5.0
2025,2,2,18 UTC,FEB,1000,280.0,5.0
2025,2,2,18 UTC,FEB,2000,290.0,7.0
2025,2,2,18 UTC,FEB,3000,290.0,6.0
2025,2,2,18 UTC,FEB,4000,280.0,7.0
2025,2,2,18 UTC,FEB,5000,280.0,7.0
2025,2,2,18 UTC,FEB,6000,270.0,7.0
2025,2,2,18 UTC,FEB,7000,270.0,9.0
2025,2,2,18 UTC,FEB,8000,270.0,12.0
2025,2,3,18 UTC,FEB,SURFACE,300.0,7.0
2025,2,3,18 UTC,FEB,1000,290.0,5.0
2025,2,3,18 UTC,FEB,2000,290.0,8.0
2025,2,3,18 UTC,FEB,3000,295.0,6.0
2025,2,3,18 UTC,FEB,4000,280.0,7.0
2025,2,3,18 UTC,FEB,5000,285.0,7.0
2025,2,3,18 UTC,FEB,6000,280.0,7.0
2025,2,3,18 UTC,FEB,7000,275.0,9.0
2025,2,4,18 UTC,FEB,SURFACE,280.0,6.0
2025,2,4,18 UTC,FEB,1000,280.0,11.0
2025,2,4,18 UTC,FEB,2000,300.0,19.0
2025,2,4,18 UTC,FEB,3000,280.0,30.0
2025,2,4,18 UTC,FEB,4000,265.0,31.0
2025,2,4,18 UTC,FEB,5000,270.0,34.0
2025,2,4,18 UTC,FEB,6000,275.0,23.0
2025,2,5,18 UTC,FEB,SURFACE,280.0,6.0
2025,2,5,18 UTC,FEB,1000,280.0,11.0
2025,2,5,18 UTC,FEB,2000,300.0,19.0
2025,2,5,18 UTC,FEB,3000,280.0,30.0
2025,2,5,18 UTC,FEB,4000,265.0,31.0
2025,2,5,18 UTC,FEB,5000,270.0,34.0
2025,2,5,18 UTC,FEB,6000,275.0,23.0
2025,2,6,18 UTC,FEB,SURFACE,260.0,10.0
2025,2,6,18 UTC,FEB,1000,270.0,8.0
2025,2,6,18 UTC,FEB,2000,280.0,11.0
2025,2,6,18 UTC,FEB,3000,280.0,10.0
2025,2,6,18 UTC,FEB,4000,310.0,12.0
2025,2,6,18 UTC,FEB,5000,295.0,11.0
2025,2,6,18 UTC,FEB,6000,300.0,12.0
2025,2,6,18 UTC,FEB,7000,270.0,7.0
2025,2,6,18 UTC,FEB,8000,275.0,6.0
2025,2,7,18 UTC,FEB,SURFACE,260.0,5.0
2025,2,7,18 UTC,FEB,1000,250.0,9.0
2025,2,7,18 UTC,FEB,2000,230.0,12.0
2025,2,7,18 UTC,FEB,3000,230.0,13.0
2025,2,7,18 UTC,FEB,4000,270.0,8.0
2025,2,7,18 UTC,FEB,5000,300.0,6.0
2025,2,7,18 UTC,FEB,6000,200.0,5.0
2025,2,8,18 UTC,FEB,SURFACE,280.0,3.0
2025,2,8,18 UTC,FEB,1000,250.0,10.0
2025,2,8,18 UTC,FEB,2000,230.0,14.0
2025,2,8,18 UTC,FEB,3000,220.0,6.0
2025,2,8,18 UTC,FEB,4000,270.0,5.0
2025,2,8,18 UTC,FEB,5000,305.0,7.0
2025,2,8,18 UTC,FEB,6000,190.0,6.0
2025,2,9,18 UTC,FEB,SURFACE,250.0,4.0
2025,2,9,18 UTC,FEB,1000,260.0,9.0
2025,2,9,18 UTC,FEB,2000,265.0,10.0
2025,2,9,18 UTC,FEB,3000,270.0,11.0
2025,2,9,18 UTC,FEB,4000,270.0,8.0
2025,2,9,18 UTC,FEB,5000,270.0,7.0
2025,2,10,18 UTC,FEB,SURFACE,270.0,3.0
2025,2,10,18 UTC,FEB,1000,275.0,7.0
2025,2,10,18 UTC,FEB,2000,280.0,9.0
2025,2,10,18 UTC,FEB,3000,290.0,11.0
2025,2,10,18 UTC,FEB,4000,230.0,16.0
2025,2,10,18 UTC,FEB,5000,225.0,21.0
2025,2,10,18 UTC,FEB,6000,220.0,19.0
2025,2,11,18 UTC,FEB,SURFACE,240.0,5.0
2025,2,11,18 UTC,FEB,1000,250.0,5.0
2025,2,11,18 UTC,FEB,2000,255.0,5.0
2025,2,11,18 UTC,FEB,3000,265.0,4.0
2025,2,11,18 UTC,FEB,4000,280.0,5.0
2025,2,11,18 UTC,FEB,5000,290.0,5.0
2025,2,11,18 UTC,FEB,6000,290.0,6.0
2025,2,11,18 UTC,FEB,7000,255.0,6.0
2025,2,12,18 UTC,FEB,SURFACE,230.0,4.0
2025,2,12,18 UTC,FEB,1000,240.0,5.0
2025,2,12,18 UTC,FEB,2000,240.0,5.0
2025,2,12,18 UTC,FEB,3000,250.0,4.0
2025,2,12,18 UTC,FEB,4000,220.0,4.0
2025,2,12,18 UTC,FEB,5000,210.0,4.0
2025,2,12,18 UTC,FEB,6000,180.0,2.0
2025,2,12,18 UTC,FEB,7000,130.0,1.0
2025,2,13,18 UTC,FEB,SURFACE,270.0,5.0
2025,2,13,18 UTC,FEB,1000,250.0,5.0
2025,2,13,18 UTC,FEB,2000,260.0,5.0
2025,2,13,18 UTC,FEB,3000,270.0,4.0
2025,2,13,18 UTC,FEB,4000,275.0,5.0
2025,2,13,18 UTC,FEB,5000,290.0,5.0
2025,2,13,18 UTC,FEB,6000,290.0,6.0
2025,2,14,18 UTC,FEB,SURFACE,270.0,5.0
2025,2,14,18 UTC,FEB,1000,250.0,6.0
2025,2,14,18 UTC,FEB,2000,250.0,5.0
2025,2,14,18 UTC,FEB,3000,255.0,5.0
2025,2,14,18 UTC,FEB,4000,255.0,6.0
2025,2,14,18 UTC,FEB,5000,260.0,6.0
2025,2,15,18 UTC,FEB,SURFACE,270.0,5.0
2025,2,15,18 UTC,FEB,1000,250.0,6.0
2025,2,15,18 UTC,FEB,2000,250.0,5.0
2025,2,15,18 UTC,FEB,3000,255.0,5.0
2025,2,15,18 UTC,FEB,4000,255.0,6.0
2025,2,15,18 UTC,FEB,5000,260.0,6.0
2025,2,16,18 UTC,FEB,SURFACE,250.0,3.0
2025,2,16,18 UTC,FEB,1000,240.0,6.0
2025,2,16,18 UTC,FEB,2000,265.0,4.0
2025,2,16,18 UTC,FEB,3000,255.0,4.0
2025,2,16,18 UTC,FEB,4000,265.0,4.0
2025,2,16,18 UTC,FEB,5000,265.0,4.0
2025,2,16,18 UTC,FEB,6000,260.0,5.0
2025,2,16,18 UTC,FEB,7000,270.0,4.0
2025,2,17,18 UTC,FEB,SURFACE,310.0,3.0
2025,2,17,18 UTC,FEB,1000,320.0,5.0
2025,2,17,18 UTC,FEB,2000,330.0,5.0
2025,2,17,18 UTC,FEB,3000,310.0,7.0
2025,2,17,18 UTC,FEB,4000,300.0,8.0
2025,2,17,18 UTC,FEB,5000,280.0,14.0
2025,2,17,18 UTC,FEB,6000,290.0,12.0
2025,2,17,18 UTC,FEB,7000,280.0,12.0
2025,2,18,18 UTC,FEB,SURFACE,200.0,4.0
2025,2,18,18 UTC,FEB,1000,270.0,6.0
2025,2,18,18 UTC,FEB,2000,270.0,5.0
2025,2,18,18 UTC,FEB,3000,285.0,4.0
2025,2,18,18 UTC,FEB,4000,295.0,4.0
2025,2,18,18 UTC,FEB,5000,295.0,4.0
2025,2,18,18 UTC,FEB,6000,290.0,5.0
2025,2,18,18 UTC,FEB,7000,300.0,4.0
2025,2,19,18 UTC,FEB,SURFACE,290.0,2.0
2025,2,19,18 UTC,FEB,1000,300.0,9.0
2025,2,19,18 UTC,FEB,2000,300.0,8.0
2025,2,19,18 UTC,FEB,3000,300.0,10.0
2025,2,19,18 UTC,FEB,4000,310.0,8.0
2025,2,19,18 UTC,FEB,5000,310.0,12.0
2025,2,20,18 UTC,FEB,SURFACE,260.0,4.0
2025,2,20,18 UTC,FEB,1000,235.0,4.0
2025,2,20,18 UTC,FEB,2000,225.0,4.0
2025,2,20,18 UTC,FEB,3000,235.0,6.0
2025,2,20,18 UTC,FEB,4000,240.0,4.0
2025,2,20,18 UTC,FEB,5000,220.0,6.0
2025,2,20,18 UTC,FEB,6000,225.0,4.0
2025,2,21,18 UTC,FEB,SURFACE,290.0,3.0
2025,2,21,18 UTC,FEB,1000,290.0,5.0
2025,2,21,18 UTC,FEB,2000,295.0,5.0
2025,2,21,18 UTC,FEB,3000,310.0,5.0
2025,2,21,18 UTC,FEB,4000,325.0,5.0
2025,2,21,18 UTC,FEB,5000,320.0,4.0
2025,2,21,18 UTC,FEB,6000,325.0,4.0
2025,2,21,18 UTC,FEB,7000,330.0,4.0
2025,2,21,18 UTC,FEB,8000,300.0,4.0
2025,2,22,18 UTC,FEB,SURFACE,260.0,1.0
2025,2,22,18 UTC,FEB,1000,250.0,6.0
2025,2,22,18 UTC,FEB,2000,240.0,5.0
2025,2,22,18 UTC,FEB,3000,230.0,4.0
2025,2,22,18 UTC,FEB,4000,270.0,4.0
2025,2,22,18 UTC,FEB,5000,280.0,3.0
2025,2,22,18 UTC,FEB,6000,290.0,2.0
2025,2,22,18 UTC,FEB,7000,310.0,4.0
2025,2,23,18 UTC,FEB,SURFACE,300.0,3.0
2025,2,24,18 UTC,FEB,SURFACE,270.0,2.0
2025,2,24,18 UTC,FEB,1000,305.0,9.0
2025,2,24,18 UTC,FEB,2000,305.0,11.0
2025,2,24,18 UTC,FEB,3000,310.0,8.0
2025,2,24,18 UTC,FEB,4000,330.0,10.0
2025,2,24,18 UTC,FEB,5000,320.0,12.0
2025,2,25,18 UTC,FEB,SURFACE,280.0,1.0
2025,2,25,18 UTC,FEB,1000,275.0,3.0
2025,2,25,18 UTC,FEB,2000,275.0,1.0
2025,2,25,18 UTC,FEB,3000,360.0,2.0
2025,2,25,18 UTC,FEB,4000,320.0,3.0
2025,2,25,18 UTC,FEB,5000,320.0,3.0
2025,2,25,18 UTC,FEB,6000,310.0,6.0
2025,2,26,18 UTC,FEB,SURFACE,260.0,3.0
2025,2,26,18 UTC,FEB,1000,250.0,5.0
2025,2,26,18 UTC,FEB,2000,245.0,5.0
2025,2,26,18 UTC,FEB,3000,244.0,5.0
2025,2,26,18 UTC,FEB,4000,240.0,4.0
2025,2,26,18 UTC,FEB,5000,255.0,5.0
2025,2,26,18 UTC,FEB,6000,260.0,4.0
2025,2,26,18 UTC,FEB,7000,275.0,4.0
2025,2,27,18 UTC,FEB,SURFACE,280.0,3.0
2025,2,27,18 UTC,FEB,1000,285.0,3.0
2025,2,27,18 UTC,FEB,2000,295.0,3.0
2025,2,27,18 UTC,FEB,3000,285.0,3.0
2025,2,27,18 UTC,FEB,4000,295.0,4.0
2025,2,27,18 UTC,FEB,5000,330.0,3.0
2025,2,27,18 UTC,FEB,6000,295.0,4.0
2025,2,27,18 UTC,FEB,7000,320.0,5.0
2025,2,28,18 UTC,FEB,SURFACE,240.0,5.0
2025,3,1,18 UTC,MAR,SURFACE,295.0,2.0
2025,3,1,18 UTC,MAR,1000,275.0,4.0
2025,3,1,18 UTC,MAR,2000,285.0,5.0
2025,3,1,18 UTC,MAR,3000,285.0,5.0
2025,3,1,18 UTC,MAR,4000,300.0,6.0
2025,3,1,18 UTC,MAR,5000,295.0,5.0
2025,3,2,18 UTC,MAR,SURFACE,300.0,2.0
2025,3,2,18 UTC,MAR,1000,325.0,2.0
2025,3,2,18 UTC,MAR,2000,50.0,2.0
2025,3,2,18 UTC,MAR,3000,90.0,6.0
2025,3,2,18 UTC,MAR,4000,90.0,6.0
2025,3,2,18 UTC,MAR,5000,90.0,7.0
2025,3,2,18 UTC,MAR,6000,105.0,6.0
2025,3,3,18 UTC,MAR,SURFACE,260.0,4.0
2025,3,3,18 UTC,MAR,1000,295.0,6.0
2025,3,3,18 UTC,MAR,2000,300.0,4.0
2025,3,3,18 UTC,MAR,3000,295.0,4.0
2025,3,3,18 UTC,MAR,4000,300.0,4.0
2025,3,3,18 UTC,MAR,5000,300.0,4.0
2025,3,3,18 UTC,MAR,6000,305.0,5.0
2025,3,4,18 UTC,MAR,SURFACE,130.0,3.0
2025,3,4,18 UTC,MAR,1000,125.0,5.0
2025,3,4,18 UTC,MAR,2000,125.0,6.0
2025,3,4,18 UTC,MAR,3000,145.0,5.0
2025,3,4,18 UTC,MAR,4000,150.0,4.0
2025,3,4,18 UTC,MAR,5000,165.0,3.0
2025,3,4,18 UTC,MAR,6000,205.0,5.0
2025,3,4,18 UTC,MAR,7000,170.0,3.0
2025,3,5,18 UTC,MAR,SURFACE,100.0,2.0
2025,3,5,18 UTC,MAR,1000,135.0,5.0
2025,3,5,18 UTC,MAR,2000,135.0,6.0
2025,3,5,18 UTC,MAR,3000,155.0,6.0
2025,3,5,18 UTC,MAR,4000,175.0,5.0
2025,3,5,18 UTC,MAR,5000,180.0,3.0
2025,3,5,18 UTC,MAR,6000,215.0,6.0
2025,3,6,18 UTC,MAR,SURFACE,250.0,3.0
2025,3,6,18 UTC,MAR,1000,115.0,6.0
2025,3,6,18 UTC,MAR,2000,120.0,5.0
2025,3,6,18 UTC,MAR,3000,125.0,4.0
2025,3,6,18 UTC,MAR,4000,125.0,7.0
2025,3,6,18 UTC,MAR,5000,130.0,5.0
2025,3,7,18 UTC,MAR,SURFACE,280.0,3.0
2025,3,7,18 UTC,MAR,1000,180.0,3.0
2025,3,7,18 UTC,MAR,2000,130.0,2.0
2025,3,7,18 UTC,MAR,3000,55.0,3.0
2025,3,7,18 UTC,MAR,4000,40.0,4.0
2025,3,7,18 UTC,MAR,5000,35.0,5.0
2025,3,9,18 UTC,MAR,SURFACE,30.0,1.0
2025,3,9,18 UTC,MAR,1000,20.0,1.0
2025,3,9,18 UTC,MAR,2000,5.0,1.0
2025,3,9,18 UTC,MAR,3000,360.0,2.0
2025,3,9,18 UTC,MAR,4000,15.0,2.0
2025,3,9,18 UTC,MAR,5000,35.0,2.0
2025,3,9,18 UTC,MAR,6000,35.0,3.0
2025,3,9,18 UTC,MAR,7000,35.0,4.0
2025,3,9,18 UTC,MAR,8000,20.0,5.0
2025,3,10,18 UTC,MAR,SURFACE,260.0,4.0
2025,3,10,18 UTC,MAR,1000,290.0,7.0
2025,3,10,18 UTC,MAR,2000,280.0,6.0
2025,3,10,18 UTC,MAR,3000,275.0,7.0
2025,3,10,18 UTC,MAR,4000,265.0,7.0
2025,3,10,18 UTC,MAR,5000,275.0,6.0
2025,3,11,18 UTC,MAR,SURFACE,260.0,4.0
2025,3,11,18 UTC,MAR,1000,290.0,7.0
2025,3,11,18 UTC,MAR,2000,280.0,6.0
2025,3,11,18 UTC,MAR,3000,275.0,7.0
2025,3,11,18 UTC,MAR,4000,265.0,7.0
2025,3,11,18 UTC,MAR,5000,275.0,6.0
2025,3,12,18 UTC,MAR,SURFACE,190.0,2.0
2025,3,12,18 UTC,MAR,1000,240.0,4.0
2025,3,12,18 UTC,MAR,2000,260.0,3.0
2025,3,12,18 UTC,MAR,3000,260.0,5.0
2025,3,12,18 UTC,MAR,4000,265.0,5.0
2025,3,12,18 UTC,MAR,5000,280.0,3.0
2025,3,13,18 UTC,MAR,SURFACE,290.0,3.0
2025,3,13,18 UTC,MAR,1000,300.0,4.0
2025,3,13,18 UTC,MAR,2000,310.0,4.0
2025,3,13,18 UTC,MAR,3000,320.0,3.0
2025,3,13,18 UTC,MAR,4000,300.0,4.0
2025,3,13,18 UTC,MAR,5000,295.0,5.0
2025,3,13,18 UTC,MAR,6000,285.0,5.0
2025,3,13,18 UTC,MAR,7000,270.0,6.0
2025,3,14,18 UTC,MAR,SURFACE,290.0,2.0
2025,3,14,18 UTC,MAR,1000,290.0,2.0
2025,3,14,18 UTC,MAR,2000,305.0,3.0
2025,3,14,18 UTC,MAR,3000,335.0,3.0
2025,3,14,18 UTC,MAR,4000,235.0,6.0
2025,3,14,18 UTC,MAR,5000,330.0,4.0
2025,3,14,18 UTC,MAR,6000,335.0,6.0
2025,3,14,18 UTC,MAR,7000,325.0,5.0
2025,3,14,18 UTC,MAR,8000,355.0,5.0
2025,3,17,18 UTC,MAR,SURFACE,260.0,4.0
2025,3,17,18 UTC,MAR,1000,290.0,7.0
2025,3,17,18 UTC,MAR,2000,280.0,6.0
2025,3,17,18 UTC,MAR,3000,275.0,7.0
2025,3,17,18 UTC,MAR,4000,265.0,7.0
2025,3,17,18 UTC,MAR,5000,275.0,6.0
2025,3,18,18 UTC,MAR,SURFACE,0.0,0.0
2025,3,18,18 UTC,MAR,1000,310.0,2.0
2025,3,18,18 UTC,MAR,2000,310.0,2.0
2025,3,18,18 UTC,MAR,3000,315.0,2.0
2025,3,18,18 UTC,MAR,4000,330.0,2.0
2025,3,18,18 UTC,MAR,5000,325.0,2.0
2025,3,18,18 UTC,MAR,6000,310.0,2.0
2025,3,18,18 UTC,MAR,7000,305.0,3.0
2025,3,18,18 UTC,MAR,8000,300.0,3.0
2025,3,19,18 UTC,MAR,SURFACE,300.0,5.0
2025,3,19,18 UTC,MAR,1000,275.0,5.0
2025,3,19,18 UTC,MAR,2000,270.0,6.0
2025,3,19,18 UTC,MAR,3000,255.0,5.0
2025,3,19,18 UTC,MAR,4000,310.0,4.0
2025,3,19,18 UTC,MAR,5000,300.0,4.0
2025,3,19,18 UTC,MAR,6000,235.0,3.0
2025,3,19,18 UTC,MAR,7000,225.0,4.0
2025,3,20,18 UTC,MAR,SURFACE,300.0,6.0
2025,3,20,18 UTC,MAR,1000,285.0,5.0
2025,3,20,18 UTC,MAR,2000,280.0,6.0
2025,3,20,18 UTC,MAR,3000,265.0,6.0
2025,3,20,18 UTC,MAR,4000,320.0,4.0
2025,3,20,18 UTC,MAR,5000,310.0,4.0
2025,3,20,18 UTC,MAR,6000,245.0,3.0
2025,3,20,18 UTC,MAR,7000,245.0,4.0
2025,3,21,18 UTC,MAR,SURFACE,170.0,2.0
2025,3,21,18 UTC,MAR,1000,220.0,5.0
2025,3,21,18 UTC,MAR,2000,230.0,4.0
2025,3,21,18 UTC,MAR,3000,250.0,7.0
2025,3,21,18 UTC,MAR,4000,245.0,5.0
2025,3,21,18 UTC,MAR,5000,240.0,4.0
2025,3,22,18 UTC,MAR,SURFACE,270.0,4.0
2025,3,22,18 UTC,MAR,1000,270.0,13.0
2025,3,22,18 UTC,MAR,2000,265.0,17.0
2025,3,22,18 UTC,MAR,3000,265.0,18.0
2025,3,22,18 UTC,MAR,4000,255.0,20.0
2025,3,22,18 UTC,MAR,5000,245.0,22.0
2025,3,23,18 UTC,MAR,SURFACE,270.0,5.0
2025,3,23,18 UTC,MAR,1000,280.0,5.0
2025,3,23,18 UTC,MAR,2000,290.0,6.0
2025,3,23,18 UTC,MAR,3000,300.0,6.0
2025,3,23,18 UTC,MAR,4000,315.0,7.0
2025,3,23,18 UTC,MAR,5000,315.0,6.0
2025,3,23,18 UTC,MAR,6000,285.0,6.0
2025,3,23,18 UTC,MAR,7000,290.0,6.0
2025,3,23,18 UTC,MAR,8000,275.0,7.0
2025,3,24,18 UTC,MAR,SURFACE,0.0,0.0
2025,3,24,18 UTC,MAR,1000,295.0,2.0
2025,3,24,18 UTC,MAR,2000,290.0,6.0
2025,3,24,18 UTC,MAR,3000,280.0,8.0
2025,3,24,18 UTC,MAR,4000,280.0,9.0
2025,3,24,18 UTC,MAR,5000,280.0,8.0
2025,3,24,18 UTC,MAR,6000,275.0,10.0
2025,3,24,18 UTC,MAR,7000,265.0,11.0
2025,3,25,18 UTC,MAR,SURFACE,310.0,6.0
2025,3,25,18 UTC,MAR,1000,285.0,2.0
2025,3,25,18 UTC,MAR,2000,280.0,6.0
2025,3,25,18 UTC,MAR,3000,270.0,8.0
2025,3,25,18 UTC,MAR,4000,270.0,9.0
2025,3,25,18 UTC,MAR,5000,250.0,8.0
2025,3,25,18 UTC,MAR,6000,270.0,7.0
2025,3,26,18 UTC,MAR,SURFACE,280.0,2.0
2025,3,26,18 UTC,MAR,1000,270.0,6.0
2025,3,26,18 UTC,MAR,2000,265.0,7.0
2025,3,26,18 UTC,MAR,3000,260.0,8.0
2025,3,26,18 UTC,MAR,4000,250.0,8.0
2025,3,26,18 UTC,MAR,5000,255.0,5.0
2025,3,27,18 UTC,MAR,SURFACE,270.0,2.0
2025,3,27,18 UTC,MAR,1000,265.0,4.0
2025,3,27,18 UTC,MAR,2000,260.0,6.0
2025,3,27,18 UTC,MAR,3000,250.0,7.0
2025,3,27,18 UTC,MAR,4000,260.0,8.0
2025,3,27,18 UTC,MAR,5000,250.0,7.0
2025,3,28,18 UTC,MAR,SURFACE,270.0,10.0
2025,3,28,18 UTC,MAR,1000,270.0,12.0
2025,3,28,18 UTC,MAR,2000,285.0,15.0
2025,3,28,18 UTC,MAR,3000,270.0,15.0
2025,3,28,18 UTC,MAR,4000,265.0,16.0
2025,3,28,18 UTC,MAR,5000,250.0,10.0
2025,3,28,18 UTC,MAR,6000,255.0,11.0
2025,3,29,18 UTC,MAR,SURFACE,0.0,0.0
2025,3,29,18 UTC,MAR,1000,350.0,2.0
2025,3,29,18 UTC,MAR,2000,310.0,5.0
2025,3,29,18 UTC,MAR,3000,260.0,6.0
2025,3,29,18 UTC,MAR,4000,260.0,6.0
2025,3,29,18 UTC,MAR,5000,235.0,8.0
2025,3,29,18 UTC,MAR,6000,250.0,8.0
2025,3,29,18 UTC,MAR,7000,245.0,10.0
2025,3,30,18 UTC,MAR,SURFACE,70.0,4.0
2025,3,30,18 UTC,MAR,1000,360.0,2.0
2025,3,30,18 UTC,MAR,2000,320.0,5.0
2025,3,30,18 UTC,MAR,3000,270.0,6.0
2025,3,30,18 UTC,MAR,4000,270.0,6.0
2025,3,30,18 UTC,MAR,5000,245.0,8.0
2025,3,30,18 UTC,MAR,6000,260.0,8.0
2025,3,30,18 UTC,MAR,7000,255.0,10.0
2025,3,31,18 UTC,MAR,SURFACE,300.0,3.0
2025,3,31,18 UTC,MAR,1000,285.0,5.0
2025,3,31,18 UTC,MAR,2000,275.0,6.0
2025,3,31,18 UTC,MAR,3000,260.0,8.0
2025,3,31,18 UTC,MAR,4000,270.0,7.0
2025,4,1,18 UTC,APR,SURFACE,260.0,3.0
2025,4,1,18 UTC,APR,1000,270.0,5.0
2025,4,1,18 UTC,APR,2000,220.0,3.0
2025,4,1,18 UTC,APR,3000,170.0,4.0
2025,4,1,18 UTC,APR,4000,215.0,4.0
2025,4,1,18 UTC,APR,5000,240.0,5.0
2025,4,2,18 UTC,APR,SURFACE,210.0,3.0
2025,4,2,18 UTC,APR,1000,215.0,4.0
2025,4,2,18 UTC,APR,2000,220.0,4.0
2025,4,2,18 UTC,APR,3000,205.0,3.0
2025,4,2,18 UTC,APR,4000,205.0,3.0
2025,4,2,18 UTC,APR,5000,205.0,3.0
2025,4,2,18 UTC,APR,6000,195.0,3.0
2025,4,3,18 UTC,APR,SURFACE,0.0,0.0
2025,4,3,18 UTC,APR,1000,180.0,3.0
2025,4,3,18 UTC,APR,2000,165.0,4.0
2025,4,3,18 UTC,APR,3000,150.0,4.0
2025,4,3,18 UTC,APR,4000,150.0,4.0
2025,4,3,18 UTC,APR,5000,175.0,5.0
2025,4,3,18 UTC,APR,6000,210.0,3.0
2025,4,3,18 UTC,APR,7000,220.0,5.0
2025,4,4,18 UTC,APR,SURFACE,150.0,3.0
2025,4,4,18 UTC,APR,1000,205.0,3.0
2025,4,4,18 UTC,APR,2000,180.0,3.0
2025,4,4,18 UTC,APR,3000,170.0,4.0
2025,4,4,18 UTC,APR,4000,170.0,4.0
2025,4,4,18 UTC,APR,5000,190.0,5.0
2025,4,4,18 UTC,APR,6000,230.0,3.0
2025,4,4,18 UTC,APR,7000,240.0,5.0
2025,4,5,18 UTC,APR,SURFACE,280.0,3.0
2025,4,5,18 UTC,APR,1000,265.0,5.0
2025,4,5,18 UTC,APR,2000,255.0,6.0
2025,4,5,18 UTC,APR,3000,240.0,8.0
2025,4,5,18 UTC,APR,4000,230.0,2.0
2025,4,5,18 UTC,APR,5000,225.0,4.0
2025,4,6,18 UTC,APR,SURFACE,100.0,4.0
2025,4,6,18 UTC,APR,1000,85.0,6.0
2025,4,6,18 UTC,APR,2000,95.0,9.0
2025,4,6,18 UTC,APR,3000,100.0,5.0
2025,4,6,18 UTC,APR,4000,320.0,2.0
2025,4,6,18 UTC,APR,5000,310.0,2.0
2025,4,7,18 UTC,APR,SURFACE,80.0,3.0
2025,4,7,18 UTC,APR,1000,100.0,6.0
2025,4,7,18 UTC,APR,2000,115.0,7.0
2025,4,7,18 UTC,APR,3000,120.0,7.0
2025,4,7,18 UTC,APR,4000,125.0,5.0
2025,4,7,18 UTC,APR,5000,115.0,6.0
2025,4,7,18 UTC,APR,6000,95.0,5.0
2025,4,8,18 UTC,APR,SURFACE,200.0,4.0
2025,4,8,18 UTC,APR,1000,185.0,4.0
2025,4,8,18 UTC,APR,2000,155.0,3.0
2025,4,8,18 UTC,APR,3000,135.0,5.0
2025,4,8,18 UTC,APR,4000,120.0,5.0
2025,4,8,18 UTC,APR,5000,95.0,7.0
2025,4,8,18 UTC,APR,6000,105.0,6.0
2025,4,8,18 UTC,APR,7000,100.0,6.0
2025,4,8,18 UTC,APR,8000,90.0,7.0
2025,4,9,18 UTC,APR,SURFACE,80.0,2.0
2025,4,9,18 UTC,APR,1000,165.0,4.0
2025,4,9,18 UTC,APR,2000,135.0,3.0
2025,4,9,18 UTC,APR,3000,115.0,5.0
2025,4,9,18 UTC,APR,4000,125.0,4.0
2025,4,9,18 UTC,APR,5000,90.0,6.0
2025,4,9,18 UTC,APR,6000,85.0,7.0
2025,4,9,18 UTC,APR,7000,85.0,6.0
2025,4,10,18 UTC,APR,SURFACE,220.0,4.0
2025,4,10,18 UTC,APR,1000,195.0,4.0
2025,4,10,18 UTC,APR,2000,190.0,5.0
2025,4,10,18 UTC,APR,3000,170.0,4.0
2025,4,10,18 UTC,APR,4000,165.0,3.0
2025,4,10,18 UTC,APR,5000,155.0,2.0
2025,4,10,18 UTC,APR,6000,145.0,3.0
2025,4,11,18 UTC,APR,SURFACE,210.0,2.0
2025,4,11,18 UTC,APR,1000,310.0,3.0
2025,4,11,18 UTC,APR,2000,135.0,6.0
2025,4,11,18 UTC,APR,3000,95.0,8.0
2025,4,11,18 UTC,APR,4000,90.0,10.0
2025,4,11,18 UTC,APR,5000,130.0,2.0
2025,4,12,18 UTC,APR,SURFACE,230.0,3.0
2025,4,12,18 UTC,APR,1000,250.0,5.0
2025,4,12,18 UTC,APR,2000,340.0,2.0
2025,4,12,18 UTC,APR,3000,30.0,5.0
2025,4,12,18 UTC,APR,4000,70.0,3.0
2025,4,12,18 UTC,APR,5000,60.0,1.0
2025,4,13,18 UTC,APR,SURFACE,260.0,4.0
2025,4,13,18 UTC,APR,1000,260.0,2.0
2025,4,13,18 UTC,APR,2000,225.0,3.0
2025,4,13,18 UTC,APR,3000,240.0,4.0
2025,4,13,18 UTC,APR,4000,225.0,4.0
2025,4,13,18 UTC,APR,5000,225.0,4.0
2025,4,13,18 UTC,APR,6000,215.0,6.0
2025,4,13,18 UTC,APR,7000,205.0,5.0
2025,4,14,18 UTC,APR,SURFACE,240.0,3.0
2025,4,14,18 UTC,APR,1000,270.0,1.0
2025,4,14,18 UTC,APR,2000,265.0,3.0
2025,4,14,18 UTC,APR,3000,255.0,4.0
2025,4,14,18 UTC,APR,4000,235.0,4.0
2025,4,14,18 UTC,APR,5000,240.0,4.0
2025,4,14,18 UTC,APR,6000,245.0,6.0
2025,4,15,18 UTC,APR,SURFACE,240.0,2.0
2025,4,15,18 UTC,APR,1000,230.0,5.0
2025,4,15,18 UTC,APR,2000,225.0,6.0
2025,4,15,18 UTC,APR,3000,220.0,4.0
2025,4,15,18 UTC,APR,4000,215.0,4.0
2025,4,17,18 UTC,APR,SURFACE,290.0,3.0
2025,4,17,18 UTC,APR,1000,300.0,5.0
2025,4,17,18 UTC,APR,2000,310.0,5.0
2025,4,17,18 UTC,APR,3000,310.0,3.0
2025,4,17,18 UTC,APR,4000,325.0,3.0
2025,4,17,18 UTC,APR,5000,325.0,3.0
2025,4,17,18 UTC,APR,6000,330.0,2.0
2025,4,18,18 UTC,APR,SURFACE,270.0,3.0
2025,4,18,18 UTC,APR,1000,210.0,5.0
2025,4,18,18 UTC,APR,2000,225.0,3.0
2025,4,18,18 UTC,APR,3000,225.0,7.0
2025,4,18,18 UTC,APR,4000,215.0,6.0
2025,4,18,18 UTC,APR,5000,210.0,11.0
2025,4,18,18 UTC,APR,6000,225.0,10.0
2025,4,18,18 UTC,APR,7000,210.0,8.0
2025,4,19,18 UTC,APR,SURFACE,170.0,7.0
2025,4,19,18 UTC,APR,1000,235.0,5.0
2025,4,19,18 UTC,APR,2000,250.0,4.0
2025,4,19,18 UTC,APR,3000,240.0,7.0
2025,4,19,18 UTC,APR,4000,235.0,6.0
2025,4,19,18 UTC,APR,5000,230.0,11.0
2025,4,19,18 UTC,APR,6000,245.0,10.0
2025,4,19,18 UTC,APR,7000,230.0,8.0
2025,4,20,18 UTC,APR,SURFACE,250.0,5.0
2025,4,20,18 UTC,APR,1000,270.0,5.0
2025,4,20,18 UTC,APR,2000,285.0,6.0
2025,4,20,18 UTC,APR,3000,290.0,4.0
2025,4,20,18 UTC,APR,4000,290.0,3.0
2025,4,20,18 UTC,APR,5000,295.0,5.0
2025,4,21,18 UTC,APR,SURFACE,230.0,4.0
2025,4,21,18 UTC,APR,1000,225.0,2.0
2025,4,21,18 UTC,APR,2000,255.0,3.0
2025,4,21,18 UTC,APR,3000,265.0,6.0
2025,4,21,18 UTC,APR,4000,265.0,6.0
2025,4,21,18 UTC,APR,5000,280.0,5.0
2025,4,21,18 UTC,APR,6000,245.0,8.0
2025,4,21,18 UTC,APR,7000,260.0,9.0
2025,4,22,18 UTC,APR,SURFACE,230.0,4.0
2025,4,22,18 UTC,APR,1000,165.0,7.0
2025,4,22,18 UTC,APR,2000,150.0,8.0
2025,4,22,18 UTC,APR,3000,105.0,13.0
2025,4,22,18 UTC,APR,4000,125.0,8.0
2025,4,22,18 UTC,APR,5000,110.0,9.0
2025,4,22,18 UTC,APR,6000,145.0,7.0
2025,4,23,18 UTC,APR,SURFACE,310.0,3.0
2025,4,23,18 UTC,APR,1000,315.0,8.0
2025,4,23,18 UTC,APR,2000,285.0,5.0
2025,4,23,18 UTC,APR,3000,320.0,5.0
2025,4,23,18 UTC,APR,4000,315.0,4.0
2025,4,23,18 UTC,APR,5000,345.0,5.0
2025,4,23,18 UTC,APR,6000,285.0,4.0
2025,4,23,18 UTC,APR,7000,14.0,7.0
2025,4,24,18 UTC,APR,SURFACE,40.0,2.0
2025,4,24,18 UTC,APR,1000,305.0,8.0
2025,4,24,18 UTC,APR,2000,275.0,5.0
2025,4,24,18 UTC,APR,3000,315.0,5.0
2025,4,24,18 UTC,APR,4000,305.0,4.0
2025,4,24,18 UTC,APR,5000,340.0,5.0
2025,4,24,18 UTC,APR,6000,265.0,4.0
2025,4,24,18 UTC,APR,7000,135.0,7.0
2025,4,25,18 UTC,APR,SURFACE,200.0,2.0
2025,4,25,18 UTC,APR,1000,260.0,2.0
2025,4,25,18 UTC,APR,2000,255.0,3.0
2025,4,25,18 UTC,APR,3000,220.0,2.0
2025,4,25,18 UTC,APR,4000,325.0,3.0
2025,4,25,18 UTC,APR,5000,225.0,5.0
2025,4,25,18 UTC,APR,6000,245.0,4.0
2025,4,25,18 UTC,APR,7000,205.0,3.0
2025,4,26,18 UTC,APR,SURFACE,240.0,5.0
2025,4,26,18 UTC,APR,1000,255.0,4.0
2025,4,26,18 UTC,APR,2000,175.0,2.0
2025,4,26,18 UTC,APR,3000,185.0,3.0
2025,4,26,18 UTC,APR,4000,170.0,4.0
2025,4,26,18 UTC,APR,5000,155.0,5.0
2025,4,27,18 UTC,APR,SURFACE,170.0,3.0
2025,4,27,18 UTC,APR,1000,180.0,5.0
2025,4,27,18 UTC,APR,2000,200.0,5.0
2025,4,27,18 UTC,APR,3000,215.0,6.0
2025,4,27,18 UTC,APR,4000,250.0,5.0
2025,4,27,18 UTC,APR,5000,280.0,3.0
2025,4,27,18 UTC,APR,6000,305.0,3.0
2025,4,27,18 UTC,APR,7000,270.0,2.0
2025,4,27,18 UTC,APR,8000,190.0,5.0
2025,4,27,18 UTC,APR,9000,175.0,6.0
2025,4,28,18 UTC,APR,SURFACE,90.0,2.0
2025,4,28,18 UTC,APR,1000,95.0,3.0
2025,4,28,18 UTC,APR,2000,90.0,3.0
2025,4,28,18 UTC,APR,3000,85.0,4.0
2025,4,28,18 UTC,APR,4000,75.0,4.0
2025,4,28,18 UTC,APR,5000,70.0,6.0
2025,4,28,18 UTC,APR,6000,65.0,5.0
2025,4,28,18 UTC,APR,7000,50.0,7.0
2025,4,29,18 UTC,APR,SURFACE,60.0,4.0
2025,4,29,18 UTC,APR,1000,80.0,9.0
2025,4,29,18 UTC,APR,2000,100.0,3.0
2025,4,29,18 UTC,APR,3000,90.0,4.0
2025,4,29,18 UTC,APR,4000,90.0,9.0
2025,4,29,18 UTC,APR,5000,80.0,6.0
2025,4,29,18 UTC,APR,6000,75.0,5.0
2025,4,29,18 UTC,APR,7000,110.0,7.0
2025,4,30,18 UTC,APR,SURFACE,220.0,3.0
2025,4,30,18 UTC,APR,1000,235.0,3.0
2025,4,30,18 UTC,APR,2000,245.0,4.0
2025,4,30,18 UTC,APR,3000,245.0,3.0
2025,4,30,18 UTC,APR,4000,250.0,5.0
2025,4,30,18 UTC,APR,5000,260.0,2.0
2025,5,3,18 UTC,MEI,SURFACE,60.0,4.0
2025,5,3,18 UTC,MEI,1000,70.0,7.0
2025,5,3,18 UTC,MEI,2000,75.0,7.0
2025,5,3,18 UTC,MEI,3000,65.0,7.0
2025,5,3,18 UTC,MEI,4000,85.0,8.0
2025,5,3,18 UTC,MEI,5000,85.0,8.0
2025,5,3,18 UTC,MEI,6000,95.0,9.0
2025,5,3,18 UTC,MEI,7000,95.0,7.0
2025,5,4,18 UTC,MEI,SURFACE,10.0,5.0
2025,5,4,18 UTC,MEI,1000,75.0,7.0
2025,5,4,18 UTC,MEI,2000,80.0,7.0
2025,5,4,18 UTC,MEI,3000,70.0,7.0
2025,5,4,18 UTC,MEI,4000,90.0,8.0
2025,5,4,18 UTC,MEI,5000,90.0,8.0
2025,5,4,18 UTC,MEI,6000,100.0,9.0
2025,5,5,18 UTC,MEI,SURFACE,260.0,3.0
2025,5,5,18 UTC,MEI,1000,250.0,3.0
2025,5,5,18 UTC,MEI,2000,240.0,4.0
2025,5,5,18 UTC,MEI,3000,235.0,5.0
2025,5,5,18 UTC,MEI,4000,220.0,4.0
2025,5,5,18 UTC,MEI,5000,235.0,3.0
2025,5,6,18 UTC,MEI,SURFACE,260.0,2.0
2025,5,6,18 UTC,MEI,1000,245.0,4.0
2025,5,6,18 UTC,MEI,2000,160.0,3.0
2025,5,6,18 UTC,MEI,3000,150.0,6.0
2025,5,6,18 UTC,MEI,4000,135.0,5.0
2025,5,6,18 UTC,MEI,5000,145.0,5.0
2025,5,7,18 UTC,MEI,SURFACE,230.0,4.0
2025,5,7,18 UTC,MEI,1000,255.0,6.0
2025,5,7,18 UTC,MEI,2000,270.0,4.0
2025,5,7,18 UTC,MEI,3000,275.0,3.0
2025,5,7,18 UTC,MEI,4000,280.0,4.0
2025,5,7,18 UTC,MEI,5000,290.0,5.0
2025,5,7,18 UTC,MEI,6000,310.0,3.0
2025,5,8,18 UTC,MEI,SURFACE,180.0,3.0
2025,5,8,18 UTC,MEI,1000,190.0,9.0
2025,5,8,18 UTC,MEI,2000,200.0,12.0
2025,5,8,18 UTC,MEI,3000,230.0,9.0
2025,5,8,18 UTC,MEI,4000,250.0,10.0
2025,5,8,18 UTC,MEI,5000,170.0,7.0
2025,5,8,18 UTC,MEI,6000,170.0,4.0
2025,5,8,18 UTC,MEI,7000,160.0,5.0
2025,5,9,18 UTC,MEI,SURFACE,180.0,4.0
2025,5,9,18 UTC,MEI,1000,210.0,10.0
2025,5,9,18 UTC,MEI,2000,220.0,12.0
2025,5,9,18 UTC,MEI,3000,250.0,9.0
2025,5,9,18 UTC,MEI,4000,190.0,13.0
2025,5,9,18 UTC,MEI,5000,225.0,5.0
2025,5,9,18 UTC,MEI,6000,180.0,4.0
2025,5,10,18 UTC,MEI,SURFACE,230.0,3.0
2025,5,10,18 UTC,MEI,1000,195.0,2.0
2025,5,10,18 UTC,MEI,2000,125.0,4.0
2025,5,10,18 UTC,MEI,3000,125.0,4.0
2025,5,10,18 UTC,MEI,4000,90.0,7.0
2025,5,10,18 UTC,MEI,5000,65.0,8.0
2025,5,10,18 UTC,MEI,6000,55.0,8.0
2025,5,10,18 UTC,MEI,7000,50.0,6.0
2025,5,11,18 UTC,MEI,SURFACE,140.0,2.0
2025,5,11,18 UTC,MEI,1000,190.0,2.0
2025,5,11,18 UTC,MEI,2000,115.0,4.0
2025,5,11,18 UTC,MEI,3000,120.0,4.0
2025,5,11,18 UTC,MEI,4000,195.0,3.0
2025,5,11,18 UTC,MEI,5000,190.0,3.0
2025,5,11,18 UTC,MEI,6000,225.0,2.0
2025,5,12,18 UTC,MEI,SURFACE,250.0,3.0
2025,5,12,18 UTC,MEI,1000,240.0,4.0
2025,5,12,18 UTC,MEI,2000,245.0,4.0
2025,5,12,18 UTC,MEI,3000,245.0,4.0
2025,5,12,18 UTC,MEI,4000,220.0,3.0
2025,5,12,18 UTC,MEI,5000,205.0,3.0
2025,5,12,18 UTC,MEI,6000,215.0,3.0
2025,5,13,18 UTC,MEI,SURFACE,150.0,2.0
2025,5,13,18 UTC,MEI,1000,145.0,5.0
2025,5,13,18 UTC,MEI,2000,130.0,6.0
2025,5,13,18 UTC,MEI,3000,120.0,5.0
2025,5,13,18 UTC,MEI,4000,105.0,4.0
2025,5,13,18 UTC,MEI,5000,105.0,4.0
2025,5,13,18 UTC,MEI,6000,55.0,5.0
2025,5,13,18 UTC,MEI,7000,80.0,4.0
2025,5,14,18 UTC,MEI,SURFACE,110.0,5.0
2025,5,14,18 UTC,MEI,1000,165.0,5.0
2025,5,14,18 UTC,MEI,2000,155.0,6.0
2025,5,14,18 UTC,MEI,3000,135.0,4.0
2025,5,14,18 UTC,MEI,4000,125.0,4.0
2025,5,14,18 UTC,MEI,5000,125.0,4.0
2025,5,14,18 UTC,MEI,6000,75.0,5.0
2025,5,14,18 UTC,MEI,7000,100.0,4.0
2025,5,15,18 UTC,MEI,SURFACE,320.0,2.0
2025,5,15,18 UTC,MEI,1000,20.0,3.0
2025,5,15,18 UTC,MEI,2000,65.0,4.0
2025,5,15,18 UTC,MEI,3000,60.0,6.0
2025,5,15,18 UTC,MEI,4000,65.0,6.0
2025,5,15,18 UTC,MEI,5000,95.0,4.0
2025,5,15,18 UTC,MEI,6000,120.0,6.0
2025,5,15,18 UTC,MEI,7000,95.0,5.0
2025,5,17,18 UTC,MEI,SURFACE,200.0,3.0
2025,5,17,18 UTC,MEI,1000,165.0,4.0
2025,5,17,18 UTC,MEI,2000,160.0,5.0
2025,5,17,18 UTC,MEI,3000,150.0,5.0
2025,5,17,18 UTC,MEI,4000,135.0,4.0
2025,5,17,18 UTC,MEI,5000,140.0,3.0
2025,5,17,18 UTC,MEI,6000,135.0,4.0
2025,5,17,18 UTC,MEI,7000,135.0,3.0
2025,5,18,18 UTC,MEI,SURFACE,230.0,4.0
2025,5,18,18 UTC,MEI,1000,255.0,4.0
2025,5,18,18 UTC,MEI,2000,240.0,6.0
2025,5,18,18 UTC,MEI,3000,240.0,4.0
2025,5,18,18 UTC,MEI,4000,250.0,5.0
2025,5,18,18 UTC,MEI,5000,210.0,4.0
2025,5,18,18 UTC,MEI,6000,190.0,3.0
2025,5,18,18 UTC,MEI,7000,190.0,3.0
2025,5,20,18 UTC,MEI,SURFACE,250.0,2.0
2025,5,20,18 UTC,MEI,1000,135.0,4.0
2025,5,20,18 UTC,MEI,2000,80.0,6.0
2025,5,20,18 UTC,MEI,3000,85.0,6.0
2025,5,20,18 UTC,MEI,4000,75.0,9.0
2025,5,20,18 UTC,MEI,5000,65.0,11.0
2025,5,20,18 UTC,MEI,6000,30.0,11.0
2025,5,20,18 UTC,MEI,7000,30.0,8.0
2025,5,21,18 UTC,MEI,SURFACE,100.0,4.0
2025,5,21,18 UTC,MEI,1000,95.0,5.0
2025,5,21,18 UTC,MEI,2000,90.0,6.0
2025,5,21,18 UTC,MEI,3000,85.0,9.0
2025,5,21,18 UTC,MEI,4000,90.0,9.0
2025,5,21,18 UTC,MEI,5000,85.0,10.0
2025,5,21,18 UTC,MEI,6000,75.0,8.0
2025,5,22,18 UTC,MEI,SURFACE,130.0,4.0
2025,5,22,18 UTC,MEI,1000,120.0,5.0
2025,5,22,18 UTC,MEI,2000,130.0,4.0
2025,5,22,18 UTC,MEI,3000,135.0,4.0
2025,5,22,18 UTC,MEI,4000,145.0,5.0
2025,5,22,18 UTC,MEI,5000,150.0,6.0
2025,5,22,18 UTC,MEI,6000,155.0,7.0
2025,5,22,18 UTC,MEI,7000,175.0,7.0
2025,5,23,18 UTC,MEI,SURFACE,160.0,3.0
2025,5,23,18 UTC,MEI,1000,170.0,4.0
2025,5,23,18 UTC,MEI,2000,165.0,4.0
2025,5,23,18 UTC,MEI,3000,175.0,3.0
2025,5,23,18 UTC,MEI,4000,185.0,4.0
2025,5,23,18 UTC,MEI,5000,210.0,3.0
2025,5,23,18 UTC,MEI,6000,215.0,4.0
2025,5,23,18 UTC,MEI,7000,135.0,4.0
2025,5,24,18 UTC,MEI,SURFACE,80.0,2.0
2025,5,24,18 UTC,MEI,1000,150.0,4.0
2025,5,24,18 UTC,MEI,2000,145.0,5.0
2025,5,24,18 UTC,MEI,3000,155.0,4.0
2025,5,24,18 UTC,MEI,4000,160.0,3.0
2025,5,24,18 UTC,MEI,5000,185.0,3.0
2025,5,24,18 UTC,MEI,6000,195.0,4.0
2025,5,24,18 UTC,MEI,7000,140.0,3.0
2025,5,25,18 UTC,MEI,SURFACE,300.0,3.0
2025,5,25,18 UTC,MEI,1000,325.0,4.0
2025,5,25,18 UTC,MEI,2000,330.0,5.0
2025,5,25,18 UTC,MEI,3000,315.0,6.0
2025,5,25,18 UTC,MEI,4000,340.0,8.0
2025,5,25,18 UTC,MEI,5000,345.0,7.0
2025,5,25,18 UTC,MEI,6000,20.0,9.0
2025,5,25,18 UTC,MEI,7000,350.0,9.0
2025,5,25,18 UTC,MEI,8000,5.0,8.0
2025,5,26,18 UTC,MEI,SURFACE,270.0,1.0
2025,5,26,18 UTC,MEI,1000,280.0,3.0
2025,5,26,18 UTC,MEI,2000,270.0,4.0
2025,5,26,18 UTC,MEI,3000,265.0,7.0
2025,5,26,18 UTC,MEI,4000,255.0,9.0
2025,5,26,18 UTC,MEI,5000,260.0,10.0
2025,5,26,18 UTC,MEI,6000,250.0,10.0
2025,5,27,18 UTC,MEI,SURFACE,0.0,0.0
2025,5,27,18 UTC,MEI,1000,305.0,2.0
2025,5,27,18 UTC,MEI,2000,320.0,3.0
2025,5,27,18 UTC,MEI,3000,250.0,4.0
2025,5,27,18 UTC,MEI,4000,220.0,5.0
2025,5,27,18 UTC,MEI,5000,185.0,6.0
2025,5,27,18 UTC,MEI,6000,200.0,8.0
2025,5,27,18 UTC,MEI,7000,250.0,9.0
2025,5,27,18 UTC,MEI,8000,270.0,12.0
2025,5,28,18 UTC,MEI,SURFACE,150.0,3.0
2025,5,28,18 UTC,MEI,1000,150.0,6.0
2025,5,28,18 UTC,MEI,2000,115.0,5.0
2025,5,28,18 UTC,MEI,3000,175.0,6.0
2025,5,28,18 UTC,MEI,4000,100.0,4.0
2025,5,28,18 UTC,MEI,5000,65.0,4.0
2025,5,28,18 UTC,MEI,6000,90.0,4.0
2025,5,28,18 UTC,MEI,7000,70.0,3.0
2025,5,29,18 UTC,MEI,SURFACE,100.0,4.0
2025,5,29,18 UTC,MEI,1000,100.0,6.0
2025,5,29,18 UTC,MEI,2000,85.0,5.0
2025,5,29,18 UTC,MEI,3000,145.0,6.0
2025,5,29,18 UTC,MEI,4000,70.0,4.0
2025,5,29,18 UTC,MEI,5000,35.0,4.0
2025,5,29,18 UTC,MEI,6000,60.0,4.0
2025,5,29,18 UTC,MEI,7000,35.0,4.0
2025,5,30,18 UTC,MEI,SURFACE,290.0,3.0
2025,5,30,18 UTC,MEI,1000,275.0,6.0
2025,5,30,18 UTC,MEI,2000,265.0,6.0
2025,5,30,18 UTC,MEI,3000,260.0,4.0
2025,5,30,18 UTC,MEI,4000,285.0,3.0
2025,5,30,18 UTC,MEI,5000,300.0,4.0
2025,5,30,18 UTC,MEI,6000,300.0,3.0
2025,5,31,18 UTC,MEI,SURFACE,250.0,1.0
2025,5,31,18 UTC,MEI,1000,205.0,3.0
2025,5,31,18 UTC,MEI,2000,130.0,4.0
2025,5,31,18 UTC,MEI,3000,175.0,5.0
2025,5,31,18 UTC,MEI,4000,160.0,5.0
2025,5,31,18 UTC,MEI,5000,145.0,6.0
2025,5,31,18 UTC,MEI,6000,110.0,9.0
2025,6,1,18 UTC,JUN,SURFACE,230.0,4.0
2025,6,1,18 UTC,JUN,1000,260.0,6.0
2025,6,1,18 UTC,JUN,2000,245.0,5.0
2025,6,1,18 UTC,JUN,3000,240.0,9.0
2025,6,1,18 UTC,JUN,4000,215.0,8.0
2025,6,1,18 UTC,JUN,5000,210.0,8.0
2025,6,1,18 UTC,JUN,6000,200.0,8.0
2025,6,1,18 UTC,JUN,7000,210.0,10.0
2025,6,2,18 UTC,JUN,SURFACE,230.0,2.0
2025,6,2,18 UTC,JUN,1000,155.0,3.0
2025,6,2,18 UTC,JUN,2000,165.0,4.0
2025,6,2,18 UTC,JUN,3000,145.0,5.0
2025,6,2,18 UTC,JUN,4000,105.0,7.0
2025,6,2,18 UTC,JUN,5000,110.0,6.0
2025,6,2,18 UTC,JUN,6000,115.0,8.0
2025,6,2,18 UTC,JUN,7000,80.0,7.0
2025,6,2,18 UTC,JUN,8000,85.0,7.0
2025,6,3,18 UTC,JUN,SURFACE,80.0,4.0
2025,6,3,18 UTC,JUN,1000,175.0,3.0
2025,6,3,18 UTC,JUN,2000,175.0,4.0
2025,6,3,18 UTC,JUN,3000,155.0,5.0
2025,6,3,18 UTC,JUN,4000,115.0,7.0
2025,6,3,18 UTC,JUN,5000,115.0,6.0
2025,6,3,18 UTC,JUN,6000,125.0,8.0
2025,6,3,18 UTC,JUN,7000,90.0,7.0
2025,6,4,18 UTC,JUN,SURFACE,110.0,6.0
2025,6,4,18 UTC,JUN,1000,125.0,6.0
2025,6,4,18 UTC,JUN,2000,110.0,6.0
2025,6,4,18 UTC,JUN,3000,115.0,4.0
2025,6,4,18 UTC,JUN,4000,130.0,5.0
2025,6,4,18 UTC,JUN,5000,125.0,5.0
2025,6,4,18 UTC,JUN,6000,110.0,4.0
2025,6,5,18 UTC,JUN,SURFACE,210.0,4.0
2025,6,5,18 UTC,JUN,1000,185.0,3.0
2025,6,5,18 UTC,JUN,2000,160.0,4.0
2025,6,5,18 UTC,JUN,3000,135.0,4.0
2025,6,5,18 UTC,JUN,4000,140.0,3.0
2025,6,5,18 UTC,JUN,5000,100.0,6.0
2025,6,5,18 UTC,JUN,6000,145.0,5.0
2025,6,6,18 UTC,JUN,SURFACE,310.0,2.0
2025,6,6,18 UTC,JUN,1000,360.0,3.0
2025,6,6,18 UTC,JUN,2000,25.0,3.0
2025,6,6,18 UTC,JUN,3000,35.0,4.0
2025,6,6,18 UTC,JUN,4000,40.0,4.0
2025,6,6,18 UTC,JUN,5000,75.0,5.0
2025,6,6,18 UTC,JUN,6000,95.0,6.0
2025,6,6,18 UTC,JUN,7000,100.0,6.0
2025,6,6,18 UTC,JUN,8000,120.0,7.0
2025,6,7,18 UTC,JUN,SURFACE,250.0,5.0
2025,6,7,18 UTC,JUN,1000,240.0,4.0
2025,6,7,18 UTC,JUN,2000,225.0,5.0
2025,6,7,18 UTC,JUN,3000,215.0,7.0
2025,6,7,18 UTC,JUN,4000,225.0,5.0
2025,6,7,18 UTC,JUN,5000,155.0,4.0
2025,6,7,18 UTC,JUN,6000,205.0,7.0
2025,6,7,18 UTC,JUN,7000,200.0,8.0
2025,6,7,18 UTC,JUN,8000,170.0,9.0
2025,6,9,18 UTC,JUN,SURFACE,170.0,2.0
2025,6,9,18 UTC,JUN,1000,185.0,5.0
2025,6,9,18 UTC,JUN,2000,180.0,3.0
2025,6,9,18 UTC,JUN,3000,175.0,4.0
2025,6,9,18 UTC,JUN,4000,190.0,3.0
2025,6,9,18 UTC,JUN,5000,200.0,4.0
2025,6,9,18 UTC,JUN,6000,205.0,3.0
2025,6,10,18 UTC,JUN,SURFACE,160.0,3.0
2025,6,10,18 UTC,JUN,1000,140.0,4.0
2025,6,10,18 UTC,JUN,2000,95.0,5.0
2025,6,10,18 UTC,JUN,3000,95.0,7.0
2025,6,10,18 UTC,JUN,4000,115.0,7.0
2025,6,10,18 UTC,JUN,5000,110.0,9.0
2025,6,10,18 UTC,JUN,6000,105.0,7.0
2025,6,11,18 UTC,JUN,SURFACE,250.0,5.0
2025,6,11,18 UTC,JUN,1000,270.0,3.0
2025,6,11,18 UTC,JUN,2000,275.0,4.0
2025,6,11,18 UTC,JUN,3000,265.0,4.0
2025,6,11,18 UTC,JUN,4000,260.0,5.0
2025,6,11,18 UTC,JUN,5000,245.0,5.0
2025,6,11,18 UTC,JUN,6000,235.0,6.0
2025,6,11,18 UTC,JUN,7000,230.0,6.0
2025,6,11,18 UTC,JUN,8000,260.0,6.0
2025,6,12,18 UTC,JUN,SURFACE,250.0,2.0
2025,6,12,18 UTC,JUN,1000,200.0,2.0
2025,6,12,18 UTC,JUN,2000,140.0,4.0
2025,6,12,18 UTC,JUN,3000,115.0,5.0
2025,6,12,18 UTC,JUN,4000,80.0,8.0
2025,6,12,18 UTC,JUN,5000,55.0,11.0
2025,6,12,18 UTC,JUN,6000,55.0,9.0
2025,6,12,18 UTC,JUN,7000,50.0,9.0
2025,6,12,18 UTC,JUN,8000,40.0,10.0
2025,6,13,18 UTC,JUN,SURFACE,110.0,3.0
2025,6,13,18 UTC,JUN,1000,295.0,2.0
2025,6,13,18 UTC,JUN,2000,295.0,3.0
2025,6,13,18 UTC,JUN,3000,285.0,4.0
2025,6,13,18 UTC,JUN,4000,280.0,4.0
2025,6,13,18 UTC,JUN,5000,265.0,5.0
2025,6,13,18 UTC,JUN,6000,250.0,6.0
2025,6,13,18 UTC,JUN,7000,250.0,6.0
2025,6,14,18 UTC,JUN,SURFACE,120.0,2.0
2025,6,14,18 UTC,JUN,1000,110.0,5.0
2025,6,14,18 UTC,JUN,2000,130.0,4.0
2025,6,14,18 UTC,JUN,3000,145.0,5.0
2025,6,14,18 UTC,JUN,4000,150.0,4.0
2025,6,14,18 UTC,JUN,5000,145.0,4.0
2025,6,15,18 UTC,JUN,SURFACE,80.0,2.0
2025,6,15,18 UTC,JUN,1000,100.0,5.0
2025,6,15,18 UTC,JUN,2000,95.0,8.0
2025,6,15,18 UTC,JUN,3000,85.0,6.0
2025,6,15,18 UTC,JUN,4000,115.0,6.0
2025,6,15,18 UTC,JUN,5000,120.0,5.0
2025,6,15,18 UTC,JUN,6000,130.0,3.0
2025,6,16,18 UTC,JUN,SURFACE,100.0,3.0
2025,6,16,18 UTC,JUN,1000,110.0,4.0
2025,6,16,18 UTC,JUN,2000,120.0,4.0
2025,6,16,18 UTC,JUN,3000,115.0,4.0
2025,6,16,18 UTC,JUN,4000,120.0,4.0
2025,6,16,18 UTC,JUN,5000,120.0,3.0
2025,6,17,18 UTC,JUN,SURFACE,60.0,4.0
2025,6,17,18 UTC,JUN,1000,50.0,7.0
2025,6,17,18 UTC,JUN,2000,40.0,7.0
2025,6,17,18 UTC,JUN,3000,65.0,5.0
2025,6,17,18 UTC,JUN,4000,80.0,4.0
2025,6,17,18 UTC,JUN,5000,30.0,8.0
2025,6,17,18 UTC,JUN,6000,105.0,3.0
2025,6,17,18 UTC,JUN,7000,75.0,7.0
2025,6,18,18 UTC,JUN,SURFACE,70.0,5.0
2025,6,18,18 UTC,JUN,1000,60.0,7.0
2025,6,18,18 UTC,JUN,2000,50.0,7.0
2025,6,18,18 UTC,JUN,3000,80.0,4.0
2025,6,18,18 UTC,JUN,4000,85.0,5.0
2025,6,18,18 UTC,JUN,5000,40.0,8.0
2025,6,18,18 UTC,JUN,6000,115.0,3.0
2025,6,18,18 UTC,JUN,7000,85.0,7.0
2025,6,19,18 UTC,JUN,SURFACE,270.0,4.0
2025,6,19,18 UTC,JUN,1000,285.0,6.0
2025,6,19,18 UTC,JUN,2000,290.0,5.0
2025,6,19,18 UTC,JUN,3000,285.0,5.0
2025,6,19,18 UTC,JUN,4000,290.0,6.0
2025,6,19,18 UTC,JUN,5000,295.0,3.0
2025,6,20,18 UTC,JUN,SURFACE,230.0,2.0
2025,6,20,18 UTC,JUN,1000,210.0,4.0
2025,6,20,18 UTC,JUN,2000,205.0,5.0
2025,6,20,18 UTC,JUN,3000,185.0,5.0
2025,6,20,18 UTC,JUN,4000,175.0,6.0
2025,6,20,18 UTC,JUN,5000,165.0,7.0
2025,6,20,18 UTC,JUN,6000,120.0,8.0
2025,6,20,18 UTC,JUN,7000,120.0,9.0
2025,6,20,18 UTC,JUN,8000,100.0,8.0
2025,6,21,18 UTC,JUN,SURFACE,220.0,3.0
2025,6,21,18 UTC,JUN,1000,230.0,4.0
2025,6,21,18 UTC,JUN,2000,240.0,4.0
2025,6,21,18 UTC,JUN,3000,245.0,4.0
2025,6,21,18 UTC,JUN,4000,250.0,4.0
2025,6,21,18 UTC,JUN,5000,270.0,4.0
2025,6,21,18 UTC,JUN,6000,250.0,5.0
2025,6,21,18 UTC,JUN,7000,240.0,6.0
2025,6,21,18 UTC,JUN,8000,230.0,6.0
2025,6,22,18 UTC,JUN,SURFACE,80.0,2.0
2025,6,22,18 UTC,JUN,1000,90.0,2.0
2025,6,22,18 UTC,JUN,2000,110.0,3.0
2025,6,22,18 UTC,JUN,3000,120.0,4.0
2025,6,22,18 UTC,JUN,4000,50.0,5.0
2025,6,22,18 UTC,JUN,5000,55.0,6.0
2025,6,22,18 UTC,JUN,6000,100.0,5.0
2025,6,22,18 UTC,JUN,7000,140.0,7.0
2025,6,22,18 UTC,JUN,8000,150.0,7.0
2025,6,23,18 UTC,JUN,SURFACE,100.0,6.0
2025,6,23,18 UTC,JUN,1000,60.0,2.0
2025,6,23,18 UTC,JUN,2000,85.0,3.0
2025,6,23,18 UTC,JUN,3000,90.0,4.0
2025,6,23,18 UTC,JUN,4000,20.0,5.0
2025,6,23,18 UTC,JUN,5000,25.0,6.0
2025,6,23,18 UTC,JUN,6000,70.0,5.0
2025,6,23,18 UTC,JUN,7000,110.0,7.0
2025,6,24,18 UTC,JUN,SURFACE,227.0,2.0
2025,6,24,18 UTC,JUN,1000,250.0,4.0
2025,6,24,18 UTC,JUN,2000,260.0,5.0
2025,6,24,18 UTC,JUN,3000,260.0,4.0
2025,6,24,18 UTC,JUN,4000,255.0,5.0
2025,6,24,18 UTC,JUN,5000,240.0,4.0
2025,6,24,18 UTC,JUN,6000,250.0,4.0
2025,6,25,18 UTC,JUN,SURFACE,170.0,3.0
2025,6,25,18 UTC,JUN,1000,195.0,4.0
2025,6,25,18 UTC,JUN,2000,160.0,4.0
2025,6,25,18 UTC,JUN,3000,155.0,7.0
2025,6,25,18 UTC,JUN,4000,145.0,8.0
2025,6,25,18 UTC,JUN,5000,135.0,9.0
2025,6,25,18 UTC,JUN,6000,140.0,7.0
2025,6,26,18 UTC,JUN,SURFACE,100.0,3.0
2025,6,26,18 UTC,JUN,1000,90.0,3.0
2025,6,26,18 UTC,JUN,2000,110.0,3.0
2025,6,26,18 UTC,JUN,3000,110.0,4.0
2025,6,26,18 UTC,JUN,4000,125.0,4.0
2025,6,26,18 UTC,JUN,5000,115.0,4.0
2025,6,26,18 UTC,JUN,6000,145.0,5.0
2025,6,26,18 UTC,JUN,7000,140.0,5.0
2025,6,26,18 UTC,JUN,8000,125.0,3.0
2025,6,27,18 UTC,JUN,SURFACE,80.0,6.0
2025,6,27,18 UTC,JUN,1000,65.0,8.0
2025,6,27,18 UTC,JUN,2000,70.0,9.0
2025,6,27,18 UTC,JUN,3000,60.0,10.0
2025,6,27,18 UTC,JUN,4000,45.0,7.0
2025,6,27,18 UTC,JUN,5000,90.0,5.0
2025,6,27,18 UTC,JUN,6000,125.0,6.0
2025,6,27,18 UTC,JUN,7000,60.0,13.0
2025,6,27,18 UTC,JUN,8000,45.0,3.0
2025,6,28,18 UTC,JUN,SURFACE,110.0,6.0
2025,6,28,18 UTC,JUN,1000,75.0,8.0
2025,6,28,18 UTC,JUN,2000,75.0,9.0
2025,6,28,18 UTC,JUN,3000,75.0,9.0
2025,6,28,18 UTC,JUN,4000,55.0,7.0
2025,6,28,18 UTC,JUN,5000,100.0,7.0
2025,6,28,18 UTC,JUN,6000,140.0,7.0
2025,6,28,18 UTC,JUN,7000,70.0,13.0
2025,6,29,18 UTC,JUN,SURFACE,330.0,3.0
2025,6,29,18 UTC,JUN,1000,320.0,5.0
2025,6,29,18 UTC,JUN,2000,310.0,4.0
2025,6,29,18 UTC,JUN,3000,305.0,4.0
2025,6,29,18 UTC,JUN,4000,290.0,3.0
2025,6,29,18 UTC,JUN,5000,310.0,5.0
2025,6,30,18 UTC,JUN,SURFACE,150.0,3.0
2025,6,30,18 UTC,JUN,1000,130.0,6.0
2025,6,30,18 UTC,JUN,2000,105.0,7.0
2025,6,30,18 UTC,JUN,3000,100.0,9.0
2025,6,30,18 UTC,JUN,4000,90.0,10.0
2025,6,30,18 UTC,JUN,5000,75.0,10.0
2025,6,30,18 UTC,JUN,6000,65.0,10.0
2025,7,1,18 UTC,JUL,SURFACE,130.0,3.0
2025,7,1,18 UTC,JUL,1000,120.0,4.0
2025,7,1,18 UTC,JUL,2000,195.0,2.0
2025,7,1,18 UTC,JUL,3000,275.0,2.0
2025,7,1,18 UTC,JUL,4000,265.0,5.0
2025,7,1,18 UTC,JUL,5000,65.0,5.0
2025,7,1,18 UTC,JUL,6000,95.0,7.0
2025,7,1,18 UTC,JUL,7000,82.0,9.0
2025,7,1,18 UTC,JUL,8000,105.0,5.0
2025,7,1,18 UTC,JUL,9000,115.0,9.0
2025,7,2,18 UTC,JUL,SURFACE,100.0,6.0
2025,7,2,18 UTC,JUL,1000,125.0,7.0
2025,7,2,18 UTC,JUL,2000,105.0,6.0
2025,7,2,18 UTC,JUL,3000,100.0,6.0
2025,7,2,18 UTC,JUL,4000,95.0,9.0
2025,7,2,18 UTC,JUL,5000,80.0,6.0
2025,7,2,18 UTC,JUL,6000,40.0,4.0
2025,7,2,18 UTC,JUL,7000,130.0,10.0
2025,7,3,18 UTC,JUL,SURFACE,100.0,8.0
2025,7,3,18 UTC,JUL,1000,105.0,7.0
2025,7,3,18 UTC,JUL,2000,100.0,6.0
2025,7,3,18 UTC,JUL,3000,90.0,4.0
2025,7,3,18 UTC,JUL,4000,100.0,3.0
2025,7,3,18 UTC,JUL,5000,100.0,3.0
2025,7,3,18 UTC,JUL,6000,30.0,2.0
2025,7,3,18 UTC,JUL,7000,85.0,1.0
2025,7,4,18 UTC,JUL,SURFACE,240.0,2.0
2025,7,4,18 UTC,JUL,1000,240.0,4.0
2025,7,4,18 UTC,JUL,2000,145.0,4.0
2025,7,4,18 UTC,JUL,3000,120.0,5.0
2025,7,4,18 UTC,JUL,4000,120.0,5.0
2025,7,4,18 UTC,JUL,5000,100.0,5.0
2025,7,4,18 UTC,JUL,6000,80.0,7.0
2025,7,4,18 UTC,JUL,7000,50.0,12.0
2025,7,4,18 UTC,JUL,8000,80.0,10.0
2025,7,5,18 UTC,JUL,SURFACE,290.0,3.0
2025,7,5,18 UTC,JUL,1000,340.0,3.0
2025,7,5,18 UTC,JUL,2000,80.0,4.0
2025,7,5,18 UTC,JUL,3000,135.0,7.0
2025,7,5,18 UTC,JUL,4000,85.0,8.0
2025,7,5,18 UTC,JUL,5000,90.0,6.0
2025,7,5,18 UTC,JUL,6000,100.0,5.0
2025,7,6,18 UTC,JUL,SURFACE,110.0,3.0
2025,7,6,18 UTC,JUL,1000,95.0,3.0
2025,7,6,18 UTC,JUL,2000,95.0,4.0
2025,7,6,18 UTC,JUL,3000,95.0,6.0
2025,7,6,18 UTC,JUL,4000,105.0,7.0
2025,7,6,18 UTC,JUL,5000,120.0,7.0
2025,7,6,18 UTC,JUL,6000,100.0,9.0
2025,7,6,18 UTC,JUL,7000,90.0,11.0
2025,7,6,18 UTC,JUL,8000,65.0,9.0
2025,7,7,18 UTC,JUL,SURFACE,270.0,2.0
2025,7,7,18 UTC,JUL,1000,70.0,5.0
2025,7,7,18 UTC,JUL,2000,95.0,8.0
2025,7,7,18 UTC,JUL,3000,115.0,6.0
2025,7,7,18 UTC,JUL,4000,120.0,5.0
2025,7,7,18 UTC,JUL,5000,130.0,4.0
2025,7,7,18 UTC,JUL,6000,140.0,5.0
2025,7,8,18 UTC,JUL,SURFACE,60.0,2.0
2025,7,8,18 UTC,JUL,1000,70.0,5.0
2025,7,8,18 UTC,JUL,2000,75.0,1.0
2025,7,8,18 UTC,JUL,3000,0.0,0.0
2025,7,8,18 UTC,JUL,4000,0.0,0.0
2025,7,8,18 UTC,JUL,5000,155.0,3.0
2025,7,8,18 UTC,JUL,6000,105.0,5.0
2025,7,8,18 UTC,JUL,7000,100.0,5.0
2025,7,9,18 UTC,JUL,SURFACE,230.0,3.0
2025,7,9,18 UTC,JUL,1000,95.0,5.0
2025,7,9,18 UTC,JUL,2000,90.0,5.0
2025,7,9,18 UTC,JUL,3000,40.0,2.0
2025,7,9,18 UTC,JUL,4000,335.0,2.0
2025,7,9,18 UTC,JUL,5000,230.0,2.0
2025,7,9,18 UTC,JUL,6000,140.0,3.0
2025,7,9,18 UTC,JUL,7000,100.0,4.0
2025,7,9,18 UTC,JUL,8000,105.0,4.0
2025,7,9,18 UTC,JUL,9000,115.0,3.0
2025,7,9,18 UTC,JUL,10000,95.0,5.0
2025,7,10,18 UTC,JUL,SURFACE,270.0,3.0
2025,7,10,18 UTC,JUL,1000,110.0,6.0
2025,7,10,18 UTC,JUL,2000,100.0,4.0
2025,7,10,18 UTC,JUL,3000,85.0,4.0
2025,7,10,18 UTC,JUL,4000,105.0,4.0
2025,7,10,18 UTC,JUL,5000,210.0,3.0
2025,7,10,18 UTC,JUL,6000,145.0,2.0
2025,7,10,18 UTC,JUL,7000,15.0,5.0
2025,7,10,18 UTC,JUL,8000,95.0,3.0
2025,7,10,18 UTC,JUL,9000,275.0,4.0
2025,7,10,18 UTC,JUL,10000,100.0,4.0
2025,7,11,18 UTC,JUL,SURFACE,0.0,0.0
2025,7,11,18 UTC,JUL,1000,115.0,4.0
2025,7,11,18 UTC,JUL,2000,70.0,5.0
2025,7,11,18 UTC,JUL,3000,80.0,3.0
2025,7,11,18 UTC,JUL,4000,30.0,4.0
2025,7,11,18 UTC,JUL,5000,35.0,5.0
2025,7,11,18 UTC,JUL,6000,110.0,6.0
2025,7,11,18 UTC,JUL,7000,135.0,7.0
2025,7,11,18 UTC,JUL,8000,170.0,2.0
2025,7,11,18 UTC,JUL,9000,130.0,6.0
2025,7,11,18 UTC,JUL,10000,110.0,4.0
2025,7,12,18 UTC,JUL,SURFACE,120.0,8.0
2025,7,12,18 UTC,JUL,1000,95.0,8.0
2025,7,12,18 UTC,JUL,2000,95.0,8.0
2025,7,12,18 UTC,JUL,3000,110.0,7.0
2025,7,12,18 UTC,JUL,4000,90.0,11.0
2025,7,12,18 UTC,JUL,5000,100.0,9.0
2025,7,12,18 UTC,JUL,6000,90.0,9.0
2025,7,12,18 UTC,JUL,7000,105.0,6.0
2025,7,12,18 UTC,JUL,8000,85.0,7.0
2025,7,12,18 UTC,JUL,9000,105.0,9.0
2025,7,13,18 UTC,JUL,SURFACE,90.0,9.0
2025,7,13,18 UTC,JUL,1000,100.0,9.0
2025,7,13,18 UTC,JUL,2000,105.0,12.0
2025,7,13,18 UTC,JUL,3000,115.0,9.0
2025,7,13,18 UTC,JUL,4000,115.0,5.0
2025,7,13,18 UTC,JUL,5000,135.0,6.0
2025,7,13,18 UTC,JUL,6000,110.0,4.0
2025,7,13,18 UTC,JUL,7000,110.0,7.0
2025,7,13,18 UTC,JUL,8000,70.0,5.0
2025,7,13,18 UTC,JUL,9000,80.0,7.0
2025,7,13,18 UTC,JUL,10000,70.0,5.0
2025,7,14,18 UTC,JUL,SURFACE,85.0,5.0
2025,7,14,18 UTC,JUL,1000,100.0,7.0
2025,7,14,18 UTC,JUL,2000,105.0,8.0
2025,7,14,18 UTC,JUL,3000,110.0,7.0
2025,7,14,18 UTC,JUL,4000,105.0,6.0
2025,7,14,18 UTC,JUL,5000,115.0,8.0
2025,7,14,18 UTC,JUL,6000,115.0,5.0
2025,7,15,18 UTC,JUL,SURFACE,320.0,3.0
2025,7,15,18 UTC,JUL,1000,265.0,2.0
2025,7,15,18 UTC,JUL,2000,195.0,2.0
2025,7,15,18 UTC,JUL,3000,190.0,1.0
2025,7,15,18 UTC,JUL,4000,240.0,3.0
2025,7,15,18 UTC,JUL,5000,235.0,3.0
2025,7,16,18 UTC,JUL,SURFACE,240.0,3.0
2025,7,16,18 UTC,JUL,1000,240.0,5.0
2025,7,16,18 UTC,JUL,2000,250.0,4.0
2025,7,16,18 UTC,JUL,3000,235.0,4.0
2025,7,16,18 UTC,JUL,4000,210.0,4.0
2025,7,16,18 UTC,JUL,5000,210.0,5.0
2025,7,16,18 UTC,JUL,6000,205.0,6.0
2025,7,16,18 UTC,JUL,7000,195.0,7.0
2025,7,16,18 UTC,JUL,8000,170.0,10.0
2025,7,17,18 UTC,JUL,SURFACE,230.0,2.0
2025,7,17,18 UTC,JUL,1000,120.0,4.0
2025,7,17,18 UTC,JUL,2000,115.0,4.0
2025,7,17,18 UTC,JUL,3000,90.0,3.0
2025,7,17,18 UTC,JUL,4000,100.0,2.0
2025,7,17,18 UTC,JUL,5000,115.0,3.0
2025,7,17,18 UTC,JUL,6000,125.0,3.0
2025,7,17,18 UTC,JUL,7000,215.0,2.0
2025,7,17,18 UTC,JUL,8000,90.0,2.0
2025,7,17,18 UTC,JUL,9000,75.0,4.0
2025,7,17,18 UTC,JUL,10000,100.0,4.0
2025,7,18,18 UTC,JUL,SURFACE,100.0,7.0
2025,7,18,18 UTC,JUL,1000,110.0,7.0
2025,7,18,18 UTC,JUL,2000,100.0,4.0
2025,7,18,18 UTC,JUL,3000,145.0,2.0
2025,7,18,18 UTC,JUL,4000,225.0,3.0
2025,7,18,18 UTC,JUL,5000,215.0,3.0
2025,7,18,18 UTC,JUL,6000,230.0,4.0
2025,7,18,18 UTC,JUL,7000,150.0,2.0
2025,7,18,18 UTC,JUL,8000,5.0,1.0
2025,7,18,18 UTC,JUL,9000,175.0,2.0
2025,7,18,18 UTC,JUL,10000,95.0,5.0
2025,7,18,18 UTC,JUL,11000,110.0,8.0
2025,7,19,18 UTC,JUL,SURFACE,90.0,4.0
2025,7,19,18 UTC,JUL,1000,110.0,7.0
2025,7,19,18 UTC,JUL,2000,110.0,6.0
2025,7,19,18 UTC,JUL,3000,90.0,3.0
2025,7,19,18 UTC,JUL,4000,165.0,2.0
2025,7,19,18 UTC,JUL,5000,240.0,3.0
2025,7,19,18 UTC,JUL,6000,210.0,3.0
2025,7,19,18 UTC,JUL,7000,300.0,2.0
2025,7,19,18 UTC,JUL,8000,120.0,2.0
2025,7,19,18 UTC,JUL,9000,150.0,2.0
2025,7,20,18 UTC,JUL,SURFACE,210.0,3.0
2025,7,20,18 UTC,JUL,1000,120.0,7.0
2025,7,20,18 UTC,JUL,2000,120.0,6.0
2025,7,20,18 UTC,JUL,3000,145.0,4.0
2025,7,20,18 UTC,JUL,4000,245.0,1.0
2025,7,20,18 UTC,JUL,5000,235.0,3.0
2025,7,20,18 UTC,JUL,6000,230.0,4.0
2025,7,21,18 UTC,JUL,SURFACE,220.0,2.0
2025,7,21,18 UTC,JUL,1000,140.0,3.0
2025,7,21,18 UTC,JUL,2000,70.0,4.0
2025,7,21,18 UTC,JUL,3000,70.0,6.0
2025,7,21,18 UTC,JUL,4000,80.0,5.0
2025,7,21,18 UTC,JUL,5000,100.0,4.0
2025,7,21,18 UTC,JUL,6000,70.0,4.0
2025,7,21,18 UTC,JUL,7000,130.0,7.0
2025,7,21,18 UTC,JUL,8000,95.0,9.0
2025,7,21,18 UTC,JUL,9000,90.0,8.0
2025,7,21,18 UTC,JUL,10000,130.0,5.0
2025,7,22,18 UTC,JUL,SURFACE,260.0,1.0
2025,7,22,18 UTC,JUL,1000,240.0,1.0
2025,7,22,18 UTC,JUL,2000,225.0,4.0
2025,7,22,18 UTC,JUL,3000,210.0,3.0
2025,7,22,18 UTC,JUL,4000,220.0,5.0
2025,7,22,18 UTC,JUL,5000,215.0,5.0
2025,7,22,18 UTC,JUL,6000,205.0,5.0
2025,7,22,18 UTC,JUL,7000,260.0,3.0
2025,7,22,18 UTC,JUL,8000,195.0,4.0
2025,7,22,18 UTC,JUL,9000,215.0,9.0
2025,7,23,18 UTC,JUL,SURFACE,100.0,6.0
2025,7,23,18 UTC,JUL,1000,105.0,5.0
2025,7,23,18 UTC,JUL,2000,110.0,4.0
2025,7,23,18 UTC,JUL,3000,90.0,2.0
2025,7,23,18 UTC,JUL,4000,0.0,0.0
2025,7,23,18 UTC,JUL,5000,360.0,3.0
2025,7,23,18 UTC,JUL,6000,345.0,5.0
2025,7,23,18 UTC,JUL,7000,335.0,6.0
2025,7,24,18 UTC,JUL,SURFACE,100.0,3.0
2025,7,24,18 UTC,JUL,1000,125.0,2.0
2025,7,24,18 UTC,JUL,2000,115.0,3.0
2025,7,24,18 UTC,JUL,3000,95.0,4.0
2025,7,24,18 UTC,JUL,4000,110.0,5.0
2025,7,24,18 UTC,JUL,5000,105.0,7.0
2025,7,24,18 UTC,JUL,6000,100.0,11.0
2025,7,24,18 UTC,JUL,7000,90.0,9.0
2025,7,24,18 UTC,JUL,8000,120.0,13.0
2025,7,24,18 UTC,JUL,9000,55.0,8.0
2025,7,24,18 UTC,JUL,10000,20.0,11.0
2025,7,25,18 UTC,JUL,SURFACE,130.0,4.0
2025,7,25,18 UTC,JUL,1000,120.0,6.0
2025,7,25,18 UTC,JUL,2000,95.0,7.0
2025,7,25,18 UTC,JUL,3000,90.0,6.0
2025,7,25,18 UTC,JUL,4000,80.0,6.0
2025,7,25,18 UTC,JUL,5000,75.0,5.0
2025,7,25,18 UTC,JUL,6000,25.0,5.0
2025,7,26,18 UTC,JUL,SURFACE,140.0,3.0
2025,7,26,18 UTC,JUL,1000,180.0,3.0
2025,7,26,18 UTC,JUL,2000,260.0,3.0
2025,7,26,18 UTC,JUL,3000,315.0,4.0
2025,7,26,18 UTC,JUL,4000,360.0,2.0
2025,7,26,18 UTC,JUL,5000,210.0,1.0
2025,7,26,18 UTC,JUL,6000,20.0,3.0
2025,7,26,18 UTC,JUL,7000,55.0,6.0
2025,7,26,18 UTC,JUL,8000,85.0,10.0
2025,7,26,18 UTC,JUL,9000,90.0,12.0
2025,7,26,18 UTC,JUL,10000,75.0,17.0
2025,7,27,18 UTC,JUL,SURFACE,120.0,4.0
2025,7,27,18 UTC,JUL,1000,90.0,6.0
2025,7,27,18 UTC,JUL,2000,105.0,5.0
2025,7,27,18 UTC,JUL,3000,110.0,4.0
2025,7,27,18 UTC,JUL,4000,115.0,3.0
2025,7,27,18 UTC,JUL,5000,130.0,4.0
2025,7,27,18 UTC,JUL,6000,220.0,5.0
2025,7,27,18 UTC,JUL,7000,245.0,4.0
2025,7,27,18 UTC,JUL,8000,255.0,5.0
2025,7,27,18 UTC,JUL,9000,260.0,5.0
2025,7,28,18 UTC,JUL,SURFACE,110.0,6.0
2025,7,28,18 UTC,JUL,1000,115.0,5.0
2025,7,28,18 UTC,JUL,2000,110.0,5.0
2025,7,28,18 UTC,JUL,3000,135.0,2.0
2025,7,28,18 UTC,JUL,4000,170.0,2.0
2025,7,28,18 UTC,JUL,5000,185.0,2.0
2025,7,28,18 UTC,JUL,6000,210.0,3.0
2025,7,28,18 UTC,JUL,7000,270.0,3.0
2025,7,28,18 UTC,JUL,8000,275.0,1.0
2025,7,29,18 UTC,JUL,SURFACE,180.0,2.0
2025,7,29,18 UTC,JUL,1000,115.0,3.0
2025,7,29,18 UTC,JUL,2000,100.0,3.0
2025,7,29,18 UTC,JUL,3000,95.0,5.0
2025,7,29,18 UTC,JUL,4000,95.0,5.0
2025,7,29,18 UTC,JUL,5000,85.0,7.0
2025,7,29,18 UTC,JUL,6000,85.0,11.0
2025,7,29,18 UTC,JUL,7000,70.0,9.0
2025,7,29,18 UTC,JUL,8000,25.0,8.0
2025,7,29,18 UTC,JUL,9000,45.0,11.0
2025,7,30,18 UTC,JUL,SURFACE,260.0,4.0
2025,7,30,18 UTC,JUL,1000,140.0,3.0
2025,7,30,18 UTC,JUL,2000,115.0,5.0
2025,7,30,18 UTC,JUL,3000,90.0,6.0
2025,7,30,18 UTC,JUL,4000,100.0,4.0
2025,7,30,18 UTC,JUL,5000,95.0,2.0
2025,7,30,18 UTC,JUL,6000,125.0,2.0
2025,7,30,18 UTC,JUL,7000,135.0,2.0
2025,7,30,18 UTC,JUL,8000,180.0,2.0
2025,7,31,18 UTC,JUL,SURFACE,150.0,4.0
2025,7,31,18 UTC,JUL,1000,90.0,5.0
2025,7,31,18 UTC,JUL,2000,70.0,4.0
2025,7,31,18 UTC,JUL,3000,50.0,6.0
2025,7,31,18 UTC,JUL,4000,65.0,6.0
2025,7,31,18 UTC,JUL,5000,45.0,6.0
2025,7,31,18 UTC,JUL,6000,30.0,6.0
2025,7,31,18 UTC,JUL,7000,15.0,8.0
2025,7,31,18 UTC,JUL,8000,55.0,6.0
2025,7,31,18 UTC,JUL,9000,70.0,6.0
2025,7,31,18 UTC,JUL,10000,85.0,7.0
2025,8,1,18 UTC,AGT,SURFACE,80.0,7.0
2025,8,1,18 UTC,AGT,1000,65.0,7.0
2025,8,1,18 UTC,AGT,2000,90.0,7.0
2025,8,1,18 UTC,AGT,3000,95.0,6.0
2025,8,1,18 UTC,AGT,4000,60.0,7.0
2025,8,1,18 UTC,AGT,5000,55.0,6.0
2025,8,1,18 UTC,AGT,6000,40.0,7.0
2025,8,1,18 UTC,AGT,7000,25.0,6.0
2025,8,1,18 UTC,AGT,8000,360.0,4.0
2025,8,2,18 UTC,AGT,SURFACE,100.0,9.0
2025,8,2,18 UTC,AGT,1000,95.0,9.0
2025,8,2,18 UTC,AGT,2000,90.0,7.0
2025,8,2,18 UTC,AGT,3000,95.0,9.0
2025,8,2,18 UTC,AGT,4000,100.0,8.0
2025,8,2,18 UTC,AGT,5000,80.0,7.0
2025,8,2,18 UTC,AGT,6000,85.0,5.0
2025,8,2,18 UTC,AGT,7000,75.0,4.0
2025,8,2,18 UTC,AGT,8000,75.0,6.0
2025,8,2,18 UTC,AGT,9000,55.0,6.0
2025,8,2,18 UTC,AGT,10000,80.0,5.0
2025,8,3,18 UTC,AGT,SURFACE,200.0,6.0
2025,8,3,18 UTC,AGT,1000,110.0,7.0
2025,8,3,18 UTC,AGT,2000,100.0,6.0
2025,8,3,18 UTC,AGT,3000,110.0,6.0
2025,8,3,18 UTC,AGT,4000,145.0,2.0
2025,8,3,18 UTC,AGT,5000,110.0,1.0
2025,8,3,18 UTC,AGT,6000,120.0,2.0
2025,8,3,18 UTC,AGT,7000,135.0,3.0
2025,8,3,18 UTC,AGT,8000,90.0,7.0
2025,8,4,18 UTC,AGT,SURFACE,60.0,2.0
2025,8,4,18 UTC,AGT,1000,80.0,5.0
2025,8,4,18 UTC,AGT,2000,65.0,4.0
2025,8,4,18 UTC,AGT,3000,45.0,4.0
2025,8,4,18 UTC,AGT,4000,75.0,3.0
2025,8,4,18 UTC,AGT,5000,140.0,2.0
2025,8,4,18 UTC,AGT,6000,150.0,1.0
2025,8,4,18 UTC,AGT,7000,180.0,2.0
2025,8,5,18 UTC,AGT,SURFACE,250.0,4.0
2025,8,5,18 UTC,AGT,1000,135.0,5.0
2025,8,5,18 UTC,AGT,2000,170.0,3.0
2025,8,5,18 UTC,AGT,3000,245.0,2.0
2025,8,5,18 UTC,AGT,4000,205.0,1.0
2025,8,5,18 UTC,AGT,5000,165.0,2.0
2025,8,5,18 UTC,AGT,6000,235.0,1.0
2025,8,5,18 UTC,AGT,7000,35.0,3.0
2025,8,5,18 UTC,AGT,8000,340.0,4.0
2025,8,5,18 UTC,AGT,9000,335.0,6.0
2025,8,5,18 UTC,AGT,10000,60.0,4.0
2025,8,6,18 UTC,AGT,SURFACE,110.0,7.0
2025,8,6,18 UTC,AGT,1000,125.0,8.0
2025,8,6,18 UTC,AGT,2000,115.0,9.0
2025,8,6,18 UTC,AGT,3000,135.0,6.0
2025,8,6,18 UTC,AGT,4000,100.0,7.0
2025,8,6,18 UTC,AGT,5000,80.0,6.0
2025,8,6,18 UTC,AGT,6000,75.0,5.0
2025,8,6,18 UTC,AGT,7000,90.0,8.0
2025,8,6,18 UTC,AGT,8000,60.0,12.0
2025,8,7,18 UTC,AGT,SURFACE,100.0,6.0
2025,8,7,18 UTC,AGT,1000,105.0,6.0
2025,8,7,18 UTC,AGT,2000,135.0,5.0
2025,8,7,18 UTC,AGT,3000,105.0,4.0
2025,8,7,18 UTC,AGT,4000,110.0,1.0
2025,8,7,18 UTC,AGT,5000,185.0,2.0
2025,8,7,18 UTC,AGT,6000,110.0,3.0
2025,8,7,18 UTC,AGT,7000,125.0,4.0
2025,8,8,18 UTC,AGT,SURFACE,180.0,2.0
2025,8,8,18 UTC,AGT,1000,115.0,4.0
2025,8,8,18 UTC,AGT,2000,100.0,4.0
2025,8,8,18 UTC,AGT,3000,95.0,2.0
2025,8,8,18 UTC,AGT,4000,85.0,2.0
2025,8,8,18 UTC,AGT,5000,95.0,3.0
2025,8,8,18 UTC,AGT,6000,135.0,3.0
2025,8,8,18 UTC,AGT,7000,100.0,6.0
2025,8,9,18 UTC,AGT,SURFACE,100.0,5.0
2025,8,9,18 UTC,AGT,1000,100.0,6.0
2025,8,9,18 UTC,AGT,2000,80.0,6.0
2025,8,9,18 UTC,AGT,3000,70.0,6.0
2025,8,9,18 UTC,AGT,4000,100.0,5.0
2025,8,9,18 UTC,AGT,5000,100.0,4.0
2025,8,9,18 UTC,AGT,6000,80.0,4.0
2025,8,9,18 UTC,AGT,7000,105.0,5.0
2025,8,9,18 UTC,AGT,8000,125.0,7.0
2025,8,9,18 UTC,AGT,9000,140.0,6.0
2025,8,9,18 UTC,AGT,10000,100.0,5.0
2025,8,10,18 UTC,AGT,SURFACE,240.0,2.0
2025,8,10,18 UTC,AGT,1000,110.0,6.0
2025,8,10,18 UTC,AGT,2000,110.0,7.0
2025,8,10,18 UTC,AGT,3000,110.0,6.0
2025,8,10,18 UTC,AGT,4000,110.0,8.0
2025,8,10,18 UTC,AGT,5000,110.0,12.0
2025,8,10,18 UTC,AGT,6000,105.0,10.0
2025,8,10,18 UTC,AGT,7000,100.0,9.0
2025,8,10,18 UTC,AGT,8000,20.0,11.0
2025,8,10,18 UTC,AGT,9000,125.0,9.0
2025,8,11,18 UTC,AGT,SURFACE,240.0,3.0
2025,8,11,18 UTC,AGT,1000,110.0,5.0
2025,8,11,18 UTC,AGT,2000,105.0,2.0
2025,8,11,18 UTC,AGT,3000,110.0,7.0
2025,8,11,18 UTC,AGT,4000,85.0,3.0
2025,8,11,18 UTC,AGT,5000,95.0,2.0
2025,8,11,18 UTC,AGT,6000,105.0,2.0
2025,8,11,18 UTC,AGT,7000,120.0,2.0
2025,8,11,18 UTC,AGT,8000,125.0,3.0
2025,8,11,18 UTC,AGT,9000,110.0,2.0
2025,8,12,18 UTC,AGT,SURFACE,80.0,5.0
2025,8,12,18 UTC,AGT,1000,100.0,5.0
2025,8,12,18 UTC,AGT,2000,130.0,5.0
2025,8,12,18 UTC,AGT,3000,115.0,2.0
2025,8,12,18 UTC,AGT,4000,95.0,4.0
2025,8,12,18 UTC,AGT,5000,105.0,5.0
2025,8,12,18 UTC,AGT,6000,80.0,5.0
2025,8,12,18 UTC,AGT,7000,105.0,3.0
2025,8,12,18 UTC,AGT,8000,105.0,4.0
2025,8,13,18 UTC,AGT,SURFACE,5.0,3.0
2025,8,13,18 UTC,AGT,1000,100.0,7.0
2025,8,13,18 UTC,AGT,2000,110.0,7.0
2025,8,13,18 UTC,AGT,3000,100.0,11.0
2025,8,13,18 UTC,AGT,4000,100.0,14.0
2025,8,13,18 UTC,AGT,5000,105.0,10.0
2025,8,13,18 UTC,AGT,6000,100.0,7.0
2025,8,13,18 UTC,AGT,7000,100.0,8.0
2025,8,13,18 UTC,AGT,8000,100.0,7.0
2025,8,14,18 UTC,AGT,SURFACE,260.0,3.0
2025,8,14,18 UTC,AGT,1000,110.0,5.0
2025,8,14,18 UTC,AGT,2000,125.0,5.0
2025,8,14,18 UTC,AGT,3000,110.0,5.0
2025,8,14,18 UTC,AGT,4000,70.0,3.0
2025,8,14,18 UTC,AGT,5000,340.0,2.0
2025,8,14,18 UTC,AGT,6000,285.0,3.0
2025,8,14,18 UTC,AGT,7000,225.0,4.0
2025,8,16,18 UTC,AGT,SURFACE,100.0,5.0
2025,8,16,18 UTC,AGT,1000,110.0,10.0
2025,8,16,18 UTC,AGT,2000,100.0,14.0
2025,8,16,18 UTC,AGT,3000,85.0,13.0
2025,8,16,18 UTC,AGT,4000,70.0,6.0
2025,8,16,18 UTC,AGT,5000,65.0,9.0
2025,8,16,18 UTC,AGT,6000,45.0,10.0
2025,8,16,18 UTC,AGT,7000,35.0,6.0
2025,8,17,18 UTC,AGT,SURFACE,90.0,8.0
2025,8,17,18 UTC,AGT,1000,95.0,8.0
2025,8,17,18 UTC,AGT,2000,105.0,7.0
2025,8,17,18 UTC,AGT,3000,115.0,5.0
2025,8,17,18 UTC,AGT,4000,90.0,5.0
2025,8,17,18 UTC,AGT,5000,95.0,7.0
2025,8,17,18 UTC,AGT,6000,90.0,8.0
2025,8,17,18 UTC,AGT,7000,80.0,7.0
2025,8,18,18 UTC,AGT,SURFACE,160.0,2.0
2025,8,18,18 UTC,AGT,1000,150.0,7.0
2025,8,18,18 UTC,AGT,2000,140.0,6.0
2025,8,18,18 UTC,AGT,3000,130.0,6.0
2025,8,18,18 UTC,AGT,4000,145.0,5.0
2025,8,18,18 UTC,AGT,5000,140.0,5.0
2025,8,19,18 UTC,AGT,SURFACE,210.0,4.0
2025,8,19,18 UTC,AGT,1000,265.0,10.0
2025,8,19,18 UTC,AGT,2000,290.0,10.0
2025,8,19,18 UTC,AGT,3000,325.0,13.0
2025,8,19,18 UTC,AGT,4000,300.0,8.0
2025,8,19,18 UTC,AGT,5000,285.0,7.0
2025,8,19,18 UTC,AGT,6000,295.0,12.0
2025,8,20,18 UTC,AGT,SURFACE,220.0,2.0
2025,8,20,18 UTC,AGT,1000,250.0,4.0
2025,8,20,18 UTC,AGT,2000,200.0,4.0
2025,8,20,18 UTC,AGT,3000,165.0,4.0
2025,8,20,18 UTC,AGT,4000,115.0,5.0
2025,8,20,18 UTC,AGT,5000,95.0,7.0
2025,8,20,18 UTC,AGT,6000,80.0,7.0
2025,8,20,18 UTC,AGT,7000,45.0,5.0
2025,8,21,18 UTC,AGT,SURFACE,250.0,2.0
2025,8,21,18 UTC,AGT,1000,225.0,2.0
2025,8,21,18 UTC,AGT,2000,255.0,6.0
2025,8,21,18 UTC,AGT,3000,235.0,10.0
2025,8,21,18 UTC,AGT,4000,225.0,6.0
2025,8,21,18 UTC,AGT,5000,230.0,4.0
2025,8,21,18 UTC,AGT,6000,185.0,5.0
2025,8,21,18 UTC,AGT,7000,280.0,5.0
2025,8,22,18 UTC,AGT,SURFACE,70.0,3.0
2025,8,22,18 UTC,AGT,1000,70.0,5.0
2025,8,22,18 UTC,AGT,2000,85.0,7.0
2025,8,22,18 UTC,AGT,3000,115.0,2.0
2025,8,22,18 UTC,AGT,4000,155.0,2.0
2025,8,22,18 UTC,AGT,5000,200.0,2.0
2025,8,22,18 UTC,AGT,6000,200.0,2.0
2025,8,22,18 UTC,AGT,7000,120.0,2.0
2025,8,22,18 UTC,AGT,8000,90.0,7.0
2025,8,22,18 UTC,AGT,9000,70.0,8.0
2025,8,22,18 UTC,AGT,10000,95.0,9.0
2025,8,23,18 UTC,AGT,SURFACE,30.0,2.0
2025,8,23,18 UTC,AGT,1000,40.0,5.0
2025,8,23,18 UTC,AGT,2000,55.0,5.0
2025,8,23,18 UTC,AGT,3000,60.0,4.0
2025,8,23,18 UTC,AGT,4000,75.0,6.0
2025,8,23,18 UTC,AGT,5000,85.0,4.0
2025,8,24,18 UTC,AGT,SURFACE,100.0,6.0
2025,8,24,18 UTC,AGT,1000,95.0,4.0
2025,8,24,18 UTC,AGT,2000,120.0,4.0
2025,8,24,18 UTC,AGT,3000,140.0,6.0
2025,8,24,18 UTC,AGT,4000,140.0,2.0
2025,8,24,18 UTC,AGT,5000,180.0,3.0
2025,8,24,18 UTC,AGT,6000,195.0,6.0
2025,8,24,18 UTC,AGT,7000,160.0,5.0
2025,8,25,18 UTC,AGT,SURFACE,140.0,4.0
2025,8,25,18 UTC,AGT,1000,165.0,3.0
2025,8,25,18 UTC,AGT,2000,150.0,4.0
2025,8,25,18 UTC,AGT,3000,140.0,9.0
2025,8,25,18 UTC,AGT,4000,110.0,5.0
2025,8,25,18 UTC,AGT,5000,120.0,6.0
2025,8,25,18 UTC,AGT,6000,130.0,9.0
2025,8,25,18 UTC,AGT,7000,105.0,9.0
2025,8,25,18 UTC,AGT,8000,115.0,8.0
2025,8,26,18 UTC,AGT,SURFACE,210.0,3.0
2025,8,26,18 UTC,AGT,1000,235.0,6.0
2025,8,26,18 UTC,AGT,2000,230.0,10.0
2025,8,26,18 UTC,AGT,3000,245.0,6.0
2025,8,26,18 UTC,AGT,4000,190.0,6.0
2025,8,26,18 UTC,AGT,5000,210.0,5.0
2025,8,26,18 UTC,AGT,6000,235.0,6.0
2025,8,26,18 UTC,AGT,7000,245.0,11.0
2025,8,27,18 UTC,AGT,SURFACE,140.0,5.0
2025,8,27,18 UTC,AGT,1000,145.0,2.0
2025,8,27,18 UTC,AGT,2000,100.0,5.0
2025,8,27,18 UTC,AGT,3000,95.0,3.0
2025,8,27,18 UTC,AGT,4000,195.0,2.0
2025,8,27,18 UTC,AGT,5000,185.0,2.0
2025,8,27,18 UTC,AGT,6000,155.0,4.0
2025,8,27,18 UTC,AGT,7000,140.0,5.0
2025,8,28,18 UTC,AGT,SURFACE,295.0,5.0
2025,8,28,18 UTC,AGT,1000,310.0,6.0
2025,8,28,18 UTC,AGT,2000,305.0,4.0
2025,8,28,18 UTC,AGT,3000,310.0,4.0
2025,8,28,18 UTC,AGT,4000,320.0,6.0
2025,8,29,18 UTC,AGT,SURFACE,150.0,2.0
2025,8,29,18 UTC,AGT,1000,125.0,5.0
2025,8,29,18 UTC,AGT,2000,145.0,7.0
2025,8,29,18 UTC,AGT,3000,115.0,7.0
2025,8,29,18 UTC,AGT,4000,175.0,4.0
2025,8,29,18 UTC,AGT,5000,160.0,6.0
2025,8,29,18 UTC,AGT,6000,190.0,9.0
2025,8,29,18 UTC,AGT,7000,185.0,7.0
2025,8,30,18 UTC,AGT,SURFACE,180.0,4.0
2025,8,30,18 UTC,AGT,1000,105.0,6.0
2025,8,30,18 UTC,AGT,2000,95.0,5.0
2025,8,30,18 UTC,AGT,3000,85.0,9.0
2025,8,30,18 UTC,AGT,4000,105.0,4.0
2025,8,30,18 UTC,AGT,5000,150.0,3.0
2025,8,30,18 UTC,AGT,6000,160.0,2.0
2025,8,31,18 UTC,AGT,SURFACE,60.0,3.0
2025,8,31,18 UTC,AGT,1000,65.0,6.0
2025,8,31,18 UTC,AGT,2000,70.0,8.0
2025,8,31,18 UTC,AGT,3000,90.0,6.0
2025,8,31,18 UTC,AGT,4000,105.0,5.0
2025,8,31,18 UTC,AGT,5000,40.0,7.0
2025,8,31,18 UTC,AGT,6000,50.0,11.0
2025,8,31,18 UTC,AGT,7000,90.0,6.0
2025,8,31,18 UTC,AGT,8000,105.0,6.0
2025,9,1,18 UTC,SEP,SURFACE,90.0,8.0
2025,9,1,18 UTC,SEP,1000,90.0,8.0
2025,9,1,18 UTC,SEP,2000,80.0,8.0
2025,9,1,18 UTC,SEP,3000,100.0,9.0
2025,9,1,18 UTC,SEP,4000,105.0,9.0
2025,9,1,18 UTC,SEP,5000,110.0,7.0
2025,9,1,18 UTC,SEP,6000,95.0,9.0
2025,9,1,18 UTC,SEP,7000,75.0,6.0
2025,9,2,18 UTC,SEP,SURFACE,90.0,6.0
2025,9,2,18 UTC,SEP,1000,115.0,7.0
2025,9,2,18 UTC,SEP,2000,120.0,7.0
2025,9,2,18 UTC,SEP,3000,130.0,6.0
2025,9,2,18 UTC,SEP,4000,135.0,6.0
2025,9,2,18 UTC,SEP,5000,130.0,8.0
2025,9,2,18 UTC,SEP,6000,140.0,9.0
2025,9,3,18 UTC,SEP,SURFACE,120.0,2.0
2025,9,3,18 UTC,SEP,1000,115.0,8.0
2025,9,3,18 UTC,SEP,2000,85.0,10.0
2025,9,3,18 UTC,SEP,3000,90.0,12.0
2025,9,3,18 UTC,SEP,4000,95.0,10.0
2025,9,3,18 UTC,SEP,5000,90.0,11.0
2025,9,3,18 UTC,SEP,6000,85.0,8.0
2025,9,3,18 UTC,SEP,7000,100.0,12.0
2025,9,4,18 UTC,SEP,SURFACE,90.0,8.0
2025,9,4,18 UTC,SEP,1000,100.0,8.0
2025,9,4,18 UTC,SEP,2000,95.0,10.0
2025,9,4,18 UTC,SEP,3000,90.0,11.0
2025,9,4,18 UTC,SEP,4000,100.0,8.0
2025,9,4,18 UTC,SEP,5000,125.0,6.0
2025,9,4,18 UTC,SEP,6000,145.0,3.0
2025,9,4,18 UTC,SEP,7000,120.0,5.0
2025,9,5,18 UTC,SEP,SURFACE,120.0,5.0
2025,9,5,18 UTC,SEP,1000,120.0,7.0
2025,9,5,18 UTC,SEP,2000,120.0,7.0
2025,9,5,18 UTC,SEP,3000,105.0,8.0
2025,9,5,18 UTC,SEP,4000,90.0,6.0
2025,9,5,18 UTC,SEP,5000,75.0,5.0
2025,9,5,18 UTC,SEP,6000,140.0,9.0
2025,9,5,18 UTC,SEP,7000,135.0,13.0
2025,9,6,18 UTC,SEP,SURFACE,140.0,6.0
2025,9,6,18 UTC,SEP,1000,155.0,4.0
2025,9,6,18 UTC,SEP,2000,120.0,4.0
2025,9,6,18 UTC,SEP,3000,80.0,4.0
2025,9,6,18 UTC,SEP,4000,35.0,2.0
2025,9,6,18 UTC,SEP,5000,330.0,3.0
2025,9,6,18 UTC,SEP,6000,160.0,3.0
2025,9,6,18 UTC,SEP,7000,155.0,3.0
2025,9,7,18 UTC,SEP,SURFACE,230.0,3.0
2025,9,7,18 UTC,SEP,1000,240.0,5.0
2025,9,7,18 UTC,SEP,2000,255.0,4.0
2025,9,7,18 UTC,SEP,3000,250.0,3.0
2025,9,7,18 UTC,SEP,4000,245.0,4.0
2025,9,7,18 UTC,SEP,5000,240.0,5.0
2025,9,7,18 UTC,SEP,6000,235.0,4.0
2025,9,7,18 UTC,SEP,7000,230.0,5.0
2025,9,8,18 UTC,SEP,SURFACE,240.0,4.0
2025,9,8,18 UTC,SEP,1000,90.0,4.0
2025,9,8,18 UTC,SEP,2000,70.0,3.0
2025,9,8,18 UTC,SEP,3000,70.0,3.0
2025,9,8,18 UTC,SEP,4000,120.0,4.0
2025,9,8,18 UTC,SEP,5000,105.0,4.0
2025,9,8,18 UTC,SEP,6000,95.0,7.0
2025,9,8,18 UTC,SEP,7000,95.0,6.0
2025,9,9,18 UTC,SEP,SURFACE,220.0,4.0
2025,9,9,18 UTC,SEP,1000,140.0,5.0
2025,9,9,18 UTC,SEP,2000,135.0,5.0
2025,9,9,18 UTC,SEP,3000,100.0,8.0
2025,9,9,18 UTC,SEP,4000,90.0,10.0
2025,9,9,18 UTC,SEP,5000,80.0,8.0
2025,9,9,18 UTC,SEP,6000,65.0,5.0
2025,9,9,18 UTC,SEP,7000,60.0,8.0
2025,9,9,18 UTC,SEP,8000,55.0,7.0
2025,9,10,18 UTC,SEP,SURFACE,130.0,2.0
2025,9,10,18 UTC,SEP,1000,165.0,4.0
2025,9,10,18 UTC,SEP,2000,160.0,5.0
2025,9,10,18 UTC,SEP,3000,170.0,5.0
2025,9,10,18 UTC,SEP,4000,140.0,8.0
2025,9,10,18 UTC,SEP,5000,135.0,9.0
2025,9,10,18 UTC,SEP,6000,110.0,11.0
2025,9,10,18 UTC,SEP,7000,120.0,11.0
2025,9,10,18 UTC,SEP,8000,115.0,13.0
2025,9,11,18 UTC,SEP,SURFACE,80.0,5.0
2025,9,11,18 UTC,SEP,1000,75.0,7.0
2025,9,11,18 UTC,SEP,2000,90.0,8.0
2025,9,11,18 UTC,SEP,3000,95.0,9.0
2025,9,11,18 UTC,SEP,4000,90.0,8.0
2025,9,11,18 UTC,SEP,5000,100.0,8.0
2025,9,11,18 UTC,SEP,6000,90.0,10.0
2025,9,11,18 UTC,SEP,7000,95.0,9.0
2025,9,12,18 UTC,SEP,SURFACE,240.0,3.0
2025,9,12,18 UTC,SEP,1000,255.0,5.0
2025,9,12,18 UTC,SEP,2000,255.0,4.0
2025,9,12,18 UTC,SEP,3000,260.0,4.0
2025,9,12,18 UTC,SEP,4000,260.0,6.0
2025,9,12,18 UTC,SEP,5000,265.0,5.0
2025,9,12,18 UTC,SEP,6000,270.0,4.0
2025,9,13,18 UTC,SEP,SURFACE,80.0,1.0
2025,9,13,18 UTC,SEP,1000,110.0,7.0
2025,9,13,18 UTC,SEP,2000,110.0,6.0
2025,9,13,18 UTC,SEP,3000,120.0,5.0
2025,9,13,18 UTC,SEP,4000,130.0,4.0
2025,9,13,18 UTC,SEP,5000,125.0,6.0
2025,9,13,18 UTC,SEP,6000,0.0,0.0
2025,9,14,18 UTC,SEP,SURFACE,120.0,4.0
2025,9,14,18 UTC,SEP,1000,110.0,6.0
2025,9,14,18 UTC,SEP,2000,115.0,2.0
2025,9,14,18 UTC,SEP,3000,80.0,4.0
2025,9,14,18 UTC,SEP,4000,100.0,1.0
2025,9,14,18 UTC,SEP,5000,45.0,4.0
2025,9,14,18 UTC,SEP,6000,15.0,1.0
2025,9,14,18 UTC,SEP,7000,55.0,6.0
2025,9,14,18 UTC,SEP,8000,70.0,9.0
2025,9,15,18 UTC,SEP,SURFACE,260.0,4.0
2025,9,15,18 UTC,SEP,1000,230.0,6.0
2025,9,15,18 UTC,SEP,2000,220.0,4.0
2025,9,15,18 UTC,SEP,3000,255.0,7.0
2025,9,15,18 UTC,SEP,4000,265.0,5.0
2025,9,15,18 UTC,SEP,5000,220.0,13.0
2025,9,15,18 UTC,SEP,6000,230.0,16.0
2025,9,15,18 UTC,SEP,7000,215.0,9.0
2025,9,16,18 UTC,SEP,SURFACE,130.0,6.0
2025,9,16,18 UTC,SEP,1000,105.0,4.0
2025,9,16,18 UTC,SEP,2000,95.0,4.0
2025,9,16,18 UTC,SEP,3000,110.0,3.0
2025,9,16,18 UTC,SEP,4000,130.0,3.0
2025,9,16,18 UTC,SEP,5000,110.0,3.0
2025,9,16,18 UTC,SEP,6000,85.0,1.0
2025,9,16,18 UTC,SEP,7000,85.0,1.0
2025,9,17,18 UTC,SEP,SURFACE,280.0,1.0
2025,9,17,18 UTC,SEP,1000,290.0,5.0
2025,9,17,18 UTC,SEP,2000,305.0,5.0
2025,9,17,18 UTC,SEP,3000,290.0,4.0
2025,9,17,18 UTC,SEP,4000,295.0,4.0
2025,9,17,18 UTC,SEP,5000,290.0,4.0
2025,9,17,18 UTC,SEP,6000,285.0,5.0
2025,9,18,18 UTC,SEP,SURFACE,130.0,4.0
2025,9,18,18 UTC,SEP,1000,105.0,6.0
2025,9,18,18 UTC,SEP,2000,135.0,7.0
2025,9,18,18 UTC,SEP,3000,145.0,6.0
2025,9,18,18 UTC,SEP,4000,155.0,6.0
2025,9,18,18 UTC,SEP,5000,160.0,6.0
2025,9,18,18 UTC,SEP,6000,170.0,6.0
2025,9,18,18 UTC,SEP,7000,185.0,7.0
2025,9,19,18 UTC,SEP,SURFACE,110.0,5.0
2025,9,19,18 UTC,SEP,1000,50.0,3.0
2025,9,19,18 UTC,SEP,2000,65.0,4.0
2025,9,19,18 UTC,SEP,3000,100.0,2.0
2025,9,19,18 UTC,SEP,4000,110.0,3.0
2025,9,19,18 UTC,SEP,5000,120.0,3.0
2025,9,19,18 UTC,SEP,6000,80.0,2.0
2025,9,20,18 UTC,SEP,SURFACE,110.0,5.0
2025,9,20,18 UTC,SEP,1000,50.0,3.0
2025,9,20,18 UTC,SEP,2000,65.0,4.0
2025,9,20,18 UTC,SEP,3000,100.0,2.0
2025,9,20,18 UTC,SEP,4000,110.0,3.0
2025,9,20,18 UTC,SEP,5000,120.0,3.0
2025,9,20,18 UTC,SEP,6000,80.0,2.0
2025,9,21,18 UTC,SEP,SURFACE,90.0,2.0
2025,9,21,18 UTC,SEP,1000,85.0,4.0
2025,9,21,18 UTC,SEP,2000,100.0,3.0
2025,9,21,18 UTC,SEP,3000,140.0,4.0
2025,9,21,18 UTC,SEP,4000,165.0,4.0
2025,9,21,18 UTC,SEP,5000,180.0,5.0
2025,9,21,18 UTC,SEP,6000,180.0,6.0
2025,9,21,18 UTC,SEP,7000,180.0,4.0
2025,9,21,18 UTC,SEP,8000,135.0,3.0
2025,9,21,18 UTC,SEP,9000,135.0,6.0
2025,9,21,18 UTC,SEP,10000,120.0,7.0
2025,9,22,18 UTC,SEP,SURFACE,260.0,4.0
2025,9,22,18 UTC,SEP,1000,250.0,5.0
2025,9,22,18 UTC,SEP,2000,240.0,4.0
2025,9,22,18 UTC,SEP,3000,245.0,3.0
2025,9,22,18 UTC,SEP,4000,230.0,6.0
2025,9,22,18 UTC,SEP,5000,225.0,6.0
2025,9,22,18 UTC,SEP,6000,215.0,5.0
2025,9,23,18 UTC,SEP,SURFACE,260.0,5.0
2025,9,23,18 UTC,SEP,1000,45.0,1.0
2025,9,23,18 UTC,SEP,2000,115.0,3.0
2025,9,23,18 UTC,SEP,3000,145.0,3.0
2025,9,23,18 UTC,SEP,4000,140.0,5.0
2025,9,23,18 UTC,SEP,5000,165.0,4.0
2025,9,23,18 UTC,SEP,6000,210.0,6.0
2025,9,24,18 UTC,SEP,SURFACE,70.0,4.0
2025,9,24,18 UTC,SEP,1000,95.0,5.0
2025,9,24,18 UTC,SEP,2000,120.0,2.0
2025,9,24,18 UTC,SEP,3000,95.0,7.0
2025,9,24,18 UTC,SEP,4000,125.0,3.0
2025,9,24,18 UTC,SEP,5000,310.0,1.0
2025,9,24,18 UTC,SEP,6000,5.0,8.0
2025,9,24,18 UTC,SEP,7000,60.0,5.0
2025,9,24,18 UTC,SEP,8000,45.0,5.0
2025,9,25,18 UTC,SEP,SURFACE,100.0,7.0
2025,9,25,18 UTC,SEP,1000,100.0,10.0
2025,9,25,18 UTC,SEP,2000,90.0,11.0
2025,9,25,18 UTC,SEP,3000,95.0,10.0
2025,9,25,18 UTC,SEP,4000,75.0,12.0
2025,9,25,18 UTC,SEP,5000,30.0,11.0
2025,9,25,18 UTC,SEP,6000,50.0,7.0
2025,9,25,18 UTC,SEP,7000,310.0,8.0
2025,9,25,18 UTC,SEP,8000,30.0,12.0
2025,9,25,18 UTC,SEP,9000,355.0,6.0
2025,9,26,18 UTC,SEP,SURFACE,90.0,9.0
2025,9,26,18 UTC,SEP,1000,105.0,7.0
2025,9,26,18 UTC,SEP,2000,100.0,7.0
2025,9,26,18 UTC,SEP,3000,105.0,7.0
2025,9,26,18 UTC,SEP,4000,130.0,4.0
2025,9,26,18 UTC,SEP,5000,140.0,3.0
2025,9,26,18 UTC,SEP,6000,130.0,3.0
2025,9,26,18 UTC,SEP,7000,120.0,5.0
2025,9,27,18 UTC,SEP,SURFACE,110.0,7.0
2025,9,27,18 UTC,SEP,1000,90.0,7.0
2025,9,27,18 UTC,SEP,2000,80.0,6.0
2025,9,27,18 UTC,SEP,3000,75.0,6.0
2025,9,27,18 UTC,SEP,4000,80.0,5.0
2025,9,27,18 UTC,SEP,5000,90.0,7.0
2025,9,27,18 UTC,SEP,6000,95.0,5.0
2025,9,28,18 UTC,SEP,SURFACE,90.0,7.0
2025,9,28,18 UTC,SEP,1000,95.0,6.0
2025,9,28,18 UTC,SEP,2000,90.0,10.0
2025,9,28,18 UTC,SEP,3000,95.0,13.0
2025,9,28,18 UTC,SEP,4000,100.0,12.0
2025,9,28,18 UTC,SEP,5000,105.0,10.0
2025,9,28,18 UTC,SEP,6000,100.0,8.0
2025,9,28,18 UTC,SEP,7000,85.0,10.0
2025,9,28,18 UTC,SEP,8000,85.0,10.0
2025,9,29,18 UTC,SEP,SURFACE,130.0,3.0
2025,9,29,18 UTC,SEP,1000,90.0,9.0
2025,9,29,18 UTC,SEP,2000,105.0,9.0
2025,9,29,18 UTC,SEP,3000,95.0,11.0
2025,9,29,18 UTC,SEP,4000,90.0,9.0
2025,9,29,18 UTC,SEP,5000,80.0,5.0
2025,9,29,18 UTC,SEP,6000,100.0,7.0
2025,9,29,18 UTC,SEP,7000,125.0,7.0
2025,9,29,18 UTC,SEP,8000,130.0,6.0
2025,9,30,18 UTC,SEP,SURFACE,230.0,2.0
2025,9,30,18 UTC,SEP,1000,140.0,4.0
2025,9,30,18 UTC,SEP,2000,85.0,5.0
2025,9,30,18 UTC,SEP,3000,110.0,7.0
2025,9,30,18 UTC,SEP,4000,100.0,6.0
2025,9,30,18 UTC,SEP,5000,90.0,4.0
2025,9,30,18 UTC,SEP,6000,90.0,5.0
2025,9,30,18 UTC,SEP,7000,100.0,3.0
2025,9,30,18 UTC,SEP,8000,70.0,4.0
2025,10,1,18 UTC,OKT,SURFACE,110.0,3.0
2025,10,1,18 UTC,OKT,1000,85.0,3.0
2025,10,1,18 UTC,OKT,2000,95.0,4.0
2025,10,1,18 UTC,OKT,3000,95.0,5.0
2025,10,1,18 UTC,OKT,4000,80.0,5.0
2025,10,1,18 UTC,OKT,5000,85.0,7.0
2025,10,1,18 UTC,OKT,6000,70.0,9.0
2025,10,1,18 UTC,OKT,7000,70.0,8.0
2025,10,1,18 UTC,OKT,8000,80.0,6.0
2025,10,2,18 UTC,OKT,SURFACE,250.0,4.0
2025,10,2,18 UTC,OKT,1000,260.0,6.0
2025,10,2,18 UTC,OKT,2000,270.0,7.0
2025,10,2,18 UTC,OKT,3000,265.0,5.0
2025,10,2,18 UTC,OKT,4000,270.0,5.0
2025,10,2,18 UTC,OKT,5000,260.0,6.0
2025,10,2,18 UTC,OKT,6000,260.0,4.0
2025,10,2,18 UTC,OKT,7000,255.0,6.0
2025,10,3,18 UTC,OKT,SURFACE,240.0,3.0
2025,10,3,18 UTC,OKT,1000,140.0,6.0
2025,10,3,18 UTC,OKT,2000,110.0,6.0
2025,10,3,18 UTC,OKT,3000,65.0,3.0
2025,10,3,18 UTC,OKT,4000,55.0,3.0
2025,10,3,18 UTC,OKT,5000,80.0,2.0
2025,10,3,18 UTC,OKT,6000,90.0,1.0
2025,10,3,18 UTC,OKT,7000,140.0,2.0
2025,10,4,18 UTC,OKT,SURFACE,80.0,7.0
2025,10,4,18 UTC,OKT,1000,95.0,8.0
2025,10,4,18 UTC,OKT,2000,105.0,8.0
2025,10,4,18 UTC,OKT,3000,90.0,10.0
2025,10,4,18 UTC,OKT,4000,110.0,10.0
2025,10,4,18 UTC,OKT,5000,105.0,11.0
2025,10,4,18 UTC,OKT,6000,85.0,8.0
2025,10,4,18 UTC,OKT,7000,90.0,7.0
2025,10,5,18 UTC,OKT,SURFACE,230.0,2.0
2025,10,5,18 UTC,OKT,1000,215.0,6.0
2025,10,5,18 UTC,OKT,2000,205.0,7.0
2025,10,5,18 UTC,OKT,3000,230.0,6.0
2025,10,5,18 UTC,OKT,4000,235.0,6.0
2025,10,5,18 UTC,OKT,5000,200.0,7.0
2025,10,5,18 UTC,OKT,6000,195.0,9.0
2025,10,5,18 UTC,OKT,7000,185.0,13.0
2025,10,5,18 UTC,OKT,8000,190.0,14.0
2025,10,6,18 UTC,OKT,SURFACE,50.0,4.0
2025,10,6,18 UTC,OKT,1000,95.0,5.0
2025,10,6,18 UTC,OKT,2000,90.0,13.0
2025,10,6,18 UTC,OKT,3000,100.0,7.0
2025,10,6,18 UTC,OKT,4000,135.0,8.0
2025,10,6,18 UTC,OKT,5000,85.0,5.0
2025,10,6,18 UTC,OKT,6000,90.0,7.0
2025,10,6,18 UTC,OKT,7000,105.0,7.0
2025,10,7,18 UTC,OKT,SURFACE,180.0,7.0
2025,10,7,18 UTC,OKT,1000,200.0,7.0
2025,10,7,18 UTC,OKT,2000,210.0,6.0
2025,10,7,18 UTC,OKT,3000,210.0,7.0
2025,10,7,18 UTC,OKT,4000,210.0,6.0
2025,10,7,18 UTC,OKT,5000,210.0,6.0
2025,10,7,18 UTC,OKT,6000,220.0,7.0
2025,10,8,18 UTC,OKT,SURFACE,250.0,2.0
2025,10,8,18 UTC,OKT,1000,145.0,3.0
2025,10,8,18 UTC,OKT,2000,155.0,3.0
2025,10,8,18 UTC,OKT,3000,100.0,6.0
2025,10,8,18 UTC,OKT,4000,110.0,7.0
2025,10,8,18 UTC,OKT,5000,120.0,5.0
2025,10,8,18 UTC,OKT,6000,125.0,5.0
2025,10,9,18 UTC,OKT,SURFACE,200.0,2.0
2025,10,9,18 UTC,OKT,1000,100.0,3.0
2025,10,9,18 UTC,OKT,2000,95.0,6.0
2025,10,9,18 UTC,OKT,3000,105.0,10.0
2025,10,9,18 UTC,OKT,4000,130.0,3.0
2025,10,9,18 UTC,OKT,5000,70.0,6.0
2025,10,9,18 UTC,OKT,6000,100.0,5.0
2025,10,9,18 UTC,OKT,7000,100.0,6.0
2025,10,10,18 UTC,OKT,SURFACE,240.0,5.0
2025,10,10,18 UTC,OKT,1000,260.0,7.0
2025,10,10,18 UTC,OKT,2000,235.0,3.0
2025,10,10,18 UTC,OKT,3000,245.0,5.0
2025,10,10,18 UTC,OKT,4000,250.0,5.0
2025,10,10,18 UTC,OKT,5000,285.0,11.0
2025,10,10,18 UTC,OKT,6000,230.0,13.0
2025,10,10,18 UTC,OKT,7000,245.0,15.0
2025,10,10,18 UTC,OKT,8000,240.0,13.0
2025,10,11,18 UTC,OKT,SURFACE,90.0,7.0
2025,10,11,18 UTC,OKT,1000,100.0,6.0
2025,10,11,18 UTC,OKT,2000,105.0,8.0
2025,10,11,18 UTC,OKT,3000,90.0,7.0
2025,10,11,18 UTC,OKT,4000,90.0,7.0
2025,10,11,18 UTC,OKT,5000,90.0,6.0
2025,10,11,18 UTC,OKT,6000,80.0,8.0
2025,10,11,18 UTC,OKT,7000,75.0,6.0
2025,10,12,18 UTC,OKT,SURFACE,130.0,6.0
2025,10,12,18 UTC,OKT,1000,110.0,7.0
2025,10,12,18 UTC,OKT,2000,100.0,6.0
2025,10,12,18 UTC,OKT,3000,90.0,6.0
2025,10,12,18 UTC,OKT,4000,95.0,5.0
2025,10,12,18 UTC,OKT,5000,95.0,5.0
2025,10,12,18 UTC,OKT,6000,100.0,7.0
2025,10,12,18 UTC,OKT,7000,105.0,6.0
2025,10,13,18 UTC,OKT,SURFACE,130.0,3.0
2025,10,13,18 UTC,OKT,1000,105.0,4.0
2025,10,13,18 UTC,OKT,2000,115.0,3.0
2025,10,13,18 UTC,OKT,3000,105.0,5.0
2025,10,13,18 UTC,OKT,4000,100.0,7.0
2025,10,13,18 UTC,OKT,5000,90.0,7.0
2025,10,13,18 UTC,OKT,6000,85.0,6.0
2025,10,14,18 UTC,OKT,SURFACE,150.0,4.0
2025,10,14,18 UTC,OKT,1000,110.0,5.0
2025,10,14,18 UTC,OKT,2000,120.0,8.0
2025,10,14,18 UTC,OKT,3000,130.0,14.0
2025,10,14,18 UTC,OKT,4000,140.0,11.0
2025,10,14,18 UTC,OKT,5000,165.0,9.0
2025,10,14,18 UTC,OKT,6000,190.0,6.0
2025,10,14,18 UTC,OKT,7000,160.0,6.0
2025,10,14,18 UTC,OKT,8000,200.0,9.0
2025,10,15,18 UTC,OKT,SURFACE,120.0,6.0
2025,10,15,18 UTC,OKT,1000,115.0,8.0
2025,10,15,18 UTC,OKT,2000,110.0,13.0
2025,10,15,18 UTC,OKT,3000,145.0,9.0
2025,10,15,18 UTC,OKT,4000,135.0,14.0
2025,10,15,18 UTC,OKT,5000,105.0,13.0
2025,10,15,18 UTC,OKT,6000,105.0,15.0
2025,10,15,18 UTC,OKT,7000,100.0,18.0
2025,10,16,18 UTC,OKT,SURFACE,90.0,10.0
2025,10,16,18 UTC,OKT,1000,105.0,10.0
2025,10,16,18 UTC,OKT,2000,105.0,10.0
2025,10,16,18 UTC,OKT,3000,100.0,7.0
2025,10,16,18 UTC,OKT,4000,120.0,4.0
2025,10,16,18 UTC,OKT,5000,105.0,6.0
2025,10,16,18 UTC,OKT,6000,135.0,4.0
2025,10,16,18 UTC,OKT,7000,135.0,5.0
2025,10,17,18 UTC,OKT,SURFACE,100.0,3.0
2025,10,17,18 UTC,OKT,1000,95.0,4.0
2025,10,17,18 UTC,OKT,2000,95.0,6.0
2025,10,17,18 UTC,OKT,3000,100.0,6.0
2025,10,17,18 UTC,OKT,4000,105.0,7.0
2025,10,17,18 UTC,OKT,5000,115.0,6.0
2025,10,17,18 UTC,OKT,6000,105.0,5.0
2025,10,18,18 UTC,OKT,SURFACE,60.0,2.0
2025,10,18,18 UTC,OKT,1000,95.0,8.0
2025,10,18,18 UTC,OKT,2000,90.0,6.0
2025,10,18,18 UTC,OKT,3000,85.0,8.0
2025,10,18,18 UTC,OKT,4000,95.0,8.0
2025,10,18,18 UTC,OKT,5000,100.0,7.0
2025,10,18,18 UTC,OKT,6000,115.0,9.0
2025,10,19,18 UTC,OKT,SURFACE,260.0,3.0
2025,10,19,18 UTC,OKT,1000,300.0,1.0
2025,10,19,18 UTC,OKT,2000,290.0,2.0
2025,10,19,18 UTC,OKT,3000,265.0,4.0
2025,10,19,18 UTC,OKT,4000,255.0,4.0
2025,10,19,18 UTC,OKT,5000,245.0,4.0
2025,10,19,18 UTC,OKT,6000,230.0,5.0
2025,10,20,18 UTC,OKT,SURFACE,210.0,1.0
2025,10,20,18 UTC,OKT,1000,190.0,4.0
2025,10,20,18 UTC,OKT,2000,210.0,5.0
2025,10,20,18 UTC,OKT,3000,220.0,5.0
2025,10,20,18 UTC,OKT,4000,230.0,4.0
2025,10,20,18 UTC,OKT,5000,235.0,3.0
2025,10,20,18 UTC,OKT,6000,190.0,6.0
2025,10,20,18 UTC,OKT,7000,185.0,8.0
2025,10,20,18 UTC,OKT,8000,185.0,11.0
2025,10,21,18 UTC,OKT,SURFACE,250.0,4.0
2025,10,21,18 UTC,OKT,1000,125.0,3.0
2025,10,21,18 UTC,OKT,2000,90.0,4.0
2025,10,21,18 UTC,OKT,3000,90.0,5.0
2025,10,21,18 UTC,OKT,4000,90.0,5.0
2025,10,21,18 UTC,OKT,5000,100.0,6.0
2025,10,21,18 UTC,OKT,6000,105.0,5.0
2025,10,21,18 UTC,OKT,7000,100.0,6.0
2025,10,22,18 UTC,OKT,SURFACE,290.0,4.0
2025,10,22,18 UTC,OKT,1000,295.0,6.0
2025,10,22,18 UTC,OKT,2000,295.0,5.0
2025,10,22,18 UTC,OKT,3000,300.0,7.0
2025,10,22,18 UTC,OKT,4000,305.0,6.0
2025,10,22,18 UTC,OKT,5000,310.0,7.0
2025,10,22,18 UTC,OKT,6000,315.0,6.0
2025,10,23,18 UTC,OKT,SURFACE,270.0,2.0
2025,10,23,18 UTC,OKT,1000,245.0,7.0
2025,10,23,18 UTC,OKT,2000,75.0,1.0
2025,10,23,18 UTC,OKT,3000,100.0,2.0
2025,10,23,18 UTC,OKT,4000,85.0,3.0
2025,10,23,18 UTC,OKT,5000,60.0,2.0
2025,10,23,18 UTC,OKT,6000,105.0,1.0
2025,10,24,18 UTC,OKT,SURFACE,280.0,2.0
2025,10,24,18 UTC,OKT,1000,300.0,3.0
2025,10,24,18 UTC,OKT,2000,330.0,2.0
2025,10,24,18 UTC,OKT,3000,355.0,3.0
2025,10,24,18 UTC,OKT,4000,355.0,8.0
2025,10,24,18 UTC,OKT,5000,30.0,5.0
2025,10,24,18 UTC,OKT,6000,45.0,7.0
2025,10,25,18 UTC,OKT,SURFACE,60.0,1.0
2025,10,25,18 UTC,OKT,1000,0.0,0.0
2025,10,25,18 UTC,OKT,2000,160.0,2.0
2025,10,25,18 UTC,OKT,3000,185.0,3.0
2025,10,25,18 UTC,OKT,4000,170.0,5.0
2025,10,25,18 UTC,OKT,5000,130.0,3.0
2025,10,25,18 UTC,OKT,6000,120.0,3.0
2025,10,25,18 UTC,OKT,7000,190.0,4.0
2025,10,26,18 UTC,OKT,SURFACE,190.0,3.0
2025,10,26,18 UTC,OKT,1000,350.0,2.0
2025,10,26,18 UTC,OKT,2000,15.0,2.0
2025,10,26,18 UTC,OKT,3000,30.0,3.0
2025,10,26,18 UTC,OKT,4000,60.0,4.0
2025,10,26,18 UTC,OKT,5000,75.0,3.0
2025,10,26,18 UTC,OKT,6000,85.0,3.0
2025,10,26,18 UTC,OKT,7000,130.0,2.0
2025,10,26,18 UTC,OKT,8000,80.0,1.0
2025,10,26,18 UTC,OKT,9000,170.0,2.0
2025,10,26,18 UTC,OKT,10000,95.0,2.0
2025,10,27,18 UTC,OKT,SURFACE,300.0,2.0
2025,10,27,18 UTC,OKT,1000,290.0,6.0
2025,10,27,18 UTC,OKT,2000,290.0,7.0
2025,10,27,18 UTC,OKT,3000,295.0,5.0
2025,10,27,18 UTC,OKT,4000,300.0,6.0
2025,10,27,18 UTC,OKT,5000,290.0,4.0
2025,10,27,18 UTC,OKT,6000,280.0,6.0
2025,10,27,18 UTC,OKT,7000,270.0,5.0
2025,10,28,18 UTC,OKT,SURFACE,210.0,3.0
2025,10,28,18 UTC,OKT,1000,260.0,6.0
2025,10,28,18 UTC,OKT,2000,315.0,2.0
2025,10,28,18 UTC,OKT,3000,345.0,4.0
2025,10,28,18 UTC,OKT,4000,40.0,2.0
2025,10,28,18 UTC,OKT,5000,90.0,2.0
2025,10,28,18 UTC,OKT,6000,80.0,3.0
2025,10,29,18 UTC,OKT,SURFACE,250.0,3.0
2025,10,29,18 UTC,OKT,1000,245.0,4.0
2025,10,29,18 UTC,OKT,2000,255.0,3.0
2025,10,29,18 UTC,OKT,3000,275.0,3.0
2025,10,29,18 UTC,OKT,4000,260.0,3.0
2025,10,29,18 UTC,OKT,5000,265.0,3.0
2025,10,29,18 UTC,OKT,6000,265.0,3.0
2025,10,29,18 UTC,OKT,7000,230.0,3.0
2025,10,30,18 UTC,OKT,SURFACE,200.0,2.0
2025,10,30,18 UTC,OKT,1000,115.0,3.0
2025,10,30,18 UTC,OKT,2000,235.0,8.0
2025,10,30,18 UTC,OKT,3000,210.0,11.0
2025,10,30,18 UTC,OKT,4000,205.0,11.0
2025,10,30,18 UTC,OKT,5000,190.0,13.0
2025,10,30,18 UTC,OKT,6000,200.0,15.0
2025,10,30,18 UTC,OKT,7000,190.0,14.0
2025,10,31,18 UTC,OKT,SURFACE,110.0,2.0
2025,10,31,18 UTC,OKT,1000,95.0,4.0
2025,10,31,18 UTC,OKT,2000,90.0,5.0
2025,10,31,18 UTC,OKT,3000,105.0,5.0
2025,10,31,18 UTC,OKT,4000,105.0,8.0
2025,10,31,18 UTC,OKT,5000,85.0,7.0
2025,10,31,18 UTC,OKT,6000,85.0,7.0
2025,10,31,18 UTC,OKT,7000,100.0,5.0
2025,11,1,18 UTC,NOV,SURFACE,280.0,2.0
2025,11,1,18 UTC,NOV,1000,290.0,5.0
2025,11,1,18 UTC,NOV,2000,290.0,6.0
2025,11,1,18 UTC,NOV,3000,300.0,6.0
2025,11,1,18 UTC,NOV,4000,310.0,4.0
2025,11,1,18 UTC,NOV,5000,305.0,5.0
2025,11,1,18 UTC,NOV,6000,300.0,5.0
2025,11,2,18 UTC,NOV,SURFACE,270.0,3.0
2025,11,2,18 UTC,NOV,1000,115.0,3.0
2025,11,2,18 UTC,NOV,2000,80.0,3.0
2025,11,2,18 UTC,NOV,3000,105.0,4.0
2025,11,2,18 UTC,NOV,4000,105.0,4.0
2025,11,2,18 UTC,NOV,5000,115.0,4.0
2025,11,2,18 UTC,NOV,6000,70.0,4.0
2025,11,3,18 UTC,NOV,SURFACE,230.0,2.0
2025,11,3,18 UTC,NOV,1000,330.0,1.0
2025,11,3,18 UTC,NOV,2000,245.0,3.0
2025,11,3,18 UTC,NOV,3000,260.0,3.0
2025,11,3,18 UTC,NOV,4000,280.0,4.0
2025,11,3,18 UTC,NOV,5000,305.0,2.0
2025,11,3,18 UTC,NOV,6000,90.0,4.0
2025,11,3,18 UTC,NOV,7000,105.0,3.0
2025,11,3,18 UTC,NOV,8000,80.0,3.0
2025,11,4,18 UTC,NOV,SURFACE,310.0,2.0
2025,11,4,18 UTC,NOV,1000,125.0,2.0
2025,11,4,18 UTC,NOV,2000,175.0,7.0
2025,11,4,18 UTC,NOV,3000,170.0,5.0
2025,11,4,18 UTC,NOV,4000,235.0,3.0
2025,11,4,18 UTC,NOV,5000,210.0,2.0
2025,11,4,18 UTC,NOV,6000,205.0,2.0
2025,11,4,18 UTC,NOV,7000,210.0,3.0
2025,11,4,18 UTC,NOV,8000,205.0,4.0
2025,11,5,18 UTC,NOV,SURFACE,250.0,3.0
2025,11,5,18 UTC,NOV,1000,250.0,5.0
2025,11,5,18 UTC,NOV,2000,255.0,6.0
2025,11,5,18 UTC,NOV,3000,250.0,7.0
2025,11,5,18 UTC,NOV,4000,240.0,10.0
2025,11,5,18 UTC,NOV,5000,245.0,6.0
2025,11,5,18 UTC,NOV,6000,235.0,5.0
2025,11,5,18 UTC,NOV,7000,195.0,2.0
2025,11,6,18 UTC,NOV,SURFACE,260.0,4.0
2025,11,6,18 UTC,NOV,1000,250.0,6.0
2025,11,6,18 UTC,NOV,2000,260.0,8.0
2025,11,6,18 UTC,NOV,3000,270.0,6.0
2025,11,6,18 UTC,NOV,4000,255.0,9.0
2025,11,6,18 UTC,NOV,5000,250.0,5.0
2025,11,6,18 UTC,NOV,6000,250.0,7.0
2025,11,7,18 UTC,NOV,SURFACE,320.0,1.0
2025,11,7,18 UTC,NOV,1000,15.0,3.0
2025,11,7,18 UTC,NOV,2000,360.0,3.0
2025,11,7,18 UTC,NOV,3000,10.0,2.0
2025,11,7,18 UTC,NOV,4000,340.0,2.0
2025,11,7,18 UTC,NOV,5000,340.0,3.0
2025,11,7,18 UTC,NOV,6000,45.0,2.0
2025,11,8,18 UTC,NOV,SURFACE,230.0,3.0
2025,11,8,18 UTC,NOV,1000,265.0,6.0
2025,11,8,18 UTC,NOV,2000,310.0,5.0
2025,11,8,18 UTC,NOV,3000,305.0,2.0
2025,11,8,18 UTC,NOV,4000,10.0,3.0
2025,11,8,18 UTC,NOV,5000,5.0,5.0
2025,11,8,18 UTC,NOV,6000,5.0,5.0
2025,11,9,18 UTC,NOV,SURFACE,170.0,3.0
2025,11,9,18 UTC,NOV,1000,265.0,3.0
2025,11,9,18 UTC,NOV,2000,25.0,7.0
2025,11,9,18 UTC,NOV,3000,85.0,5.0
2025,11,9,18 UTC,NOV,4000,355.0,1.0
2025,11,9,18 UTC,NOV,5000,70.0,2.0
2025,11,9,18 UTC,NOV,6000,60.0,5.0
2025,11,9,18 UTC,NOV,7000,345.0,11.0
2025,11,9,18 UTC,NOV,8000,30.0,10.0
2025,11,10,18 UTC,NOV,SURFACE,220.0,10.0
2025,11,11,18 UTC,NOV,SURFACE,260.0,4.0
2025,11,11,18 UTC,NOV,1000,290.0,5.0
2025,11,11,18 UTC,NOV,2000,280.0,4.0
2025,11,11,18 UTC,NOV,3000,285.0,6.0
2025,11,11,18 UTC,NOV,4000,275.0,5.0
2025,11,11,18 UTC,NOV,5000,270.0,4.0
2025,11,11,18 UTC,NOV,6000,280.0,6.0
2025,11,12,18 UTC,NOV,SURFACE,280.0,2.0
2025,11,13,18 UTC,NOV,SURFACE,230.0,3.0
2025,11,13,18 UTC,NOV,1000,245.0,6.0
2025,11,13,18 UTC,NOV,2000,300.0,2.0
2025,11,13,18 UTC,NOV,3000,275.0,6.0
2025,11,13,18 UTC,NOV,4000,260.0,8.0
2025,11,13,18 UTC,NOV,5000,290.0,2.0
2025,11,13,18 UTC,NOV,6000,285.0,2.0
2025,11,13,18 UTC,NOV,7000,290.0,7.0
2025,11,14,18 UTC,NOV,SURFACE,300.0,3.0
2025,11,14,18 UTC,NOV,1000,355.0,7.0
2025,11,14,18 UTC,NOV,2000,345.0,8.0
2025,11,14,18 UTC,NOV,3000,355.0,7.0
2025,11,14,18 UTC,NOV,4000,350.0,14.0
2025,11,14,18 UTC,NOV,5000,320.0,12.0
2025,11,14,18 UTC,NOV,6000,320.0,16.0
2025,11,15,18 UTC,NOV,SURFACE,70.0,2.0
2025,11,15,18 UTC,NOV,1000,75.0,2.0
2025,11,15,18 UTC,NOV,2000,75.0,1.0
2025,11,15,18 UTC,NOV,3000,55.0,2.0
2025,11,15,18 UTC,NOV,4000,35.0,4.0
2025,11,15,18 UTC,NOV,5000,20.0,5.0
2025,11,15,18 UTC,NOV,6000,335.0,7.0
2025,11,15,18 UTC,NOV,7000,310.0,6.0
2025,11,16,18 UTC,NOV,SURFACE,270.0,2.0
2025,11,16,18 UTC,NOV,1000,290.0,4.0
2025,11,16,18 UTC,NOV,2000,290.0,6.0
2025,11,16,18 UTC,NOV,3000,295.0,5.0
2025,11,16,18 UTC,NOV,4000,305.0,4.0
2025,11,16,18 UTC,NOV,5000,300.0,6.0
2025,11,16,18 UTC,NOV,6000,300.0,6.0
2025,11,17,18 UTC,NOV,SURFACE,270.0,2.0
2025,11,17,18 UTC,NOV,1000,150.0,2.0
2025,11,17,18 UTC,NOV,2000,180.0,3.0
2025,11,17,18 UTC,NOV,3000,190.0,6.0
2025,11,17,18 UTC,NOV,4000,210.0,5.0
2025,11,17,18 UTC,NOV,5000,225.0,10.0
2025,11,18,18 UTC,NOV,SURFACE,280.0,3.0
2025,11,18,18 UTC,NOV,1000,260.0,3.0
2025,11,18,18 UTC,NOV,2000,135.0,1.0
2025,11,18,18 UTC,NOV,3000,250.0,1.0
2025,11,18,18 UTC,NOV,4000,130.0,2.0
2025,11,18,18 UTC,NOV,5000,130.0,4.0
2025,11,18,18 UTC,NOV,6000,175.0,2.0
2025,11,18,18 UTC,NOV,7000,185.0,2.0
2025,11,19,18 UTC,NOV,SURFACE,220.0,3.0
2025,11,19,18 UTC,NOV,1000,115.0,4.0
2025,11,19,18 UTC,NOV,2000,230.0,6.0
2025,11,19,18 UTC,NOV,3000,235.0,5.0
2025,11,19,18 UTC,NOV,4000,240.0,9.0
2025,11,19,18 UTC,NOV,5000,250.0,10.0
2025,11,19,18 UTC,NOV,6000,250.0,9.0
2025,11,20,18 UTC,NOV,SURFACE,230.0,9.0
2025,11,20,18 UTC,NOV,1000,290.0,2.0
2025,11,20,18 UTC,NOV,2000,260.0,4.0
2025,11,20,18 UTC,NOV,3000,225.0,3.0
2025,11,20,18 UTC,NOV,4000,260.0,1.0
2025,11,20,18 UTC,NOV,5000,290.0,2.0
2025,11,20,18 UTC,NOV,6000,285.0,2.0
2025,11,20,18 UTC,NOV,7000,50.0,1.0
2025,11,21,18 UTC,NOV,SURFACE,280.0,2.0
2025,11,21,18 UTC,NOV,1000,260.0,4.0
2025,11,21,18 UTC,NOV,2000,255.0,5.0
2025,11,21,18 UTC,NOV,3000,250.0,4.0
2025,11,21,18 UTC,NOV,4000,265.0,4.0
2025,11,21,18 UTC,NOV,5000,265.0,3.0
2025,11,22,18 UTC,NOV,SURFACE,360.0,2.0
2025,11,22,18 UTC,NOV,1000,180.0,3.0
2025,11,22,18 UTC,NOV,2000,175.0,2.0
2025,11,22,18 UTC,NOV,3000,215.0,2.0
2025,11,22,18 UTC,NOV,4000,235.0,3.0
2025,11,22,18 UTC,NOV,5000,270.0,5.0
2025,11,23,18 UTC,NOV,SURFACE,270.0,2.0
2025,11,23,18 UTC,NOV,1000,345.0,4.0
2025,11,23,18 UTC,NOV,2000,285.0,2.0
2025,11,23,18 UTC,NOV,3000,305.0,3.0
2025,11,23,18 UTC,NOV,4000,325.0,5.0
2025,11,23,18 UTC,NOV,5000,320.0,5.0
2025,11,23,18 UTC,NOV,6000,200.0,4.0
2025,11,24,18 UTC,NOV,SURFACE,230.0,4.0
2025,11,24,18 UTC,NOV,1000,180.0,2.0
2025,11,24,18 UTC,NOV,2000,215.0,3.0
2025,11,24,18 UTC,NOV,3000,255.0,2.0
2025,11,24,18 UTC,NOV,4000,285.0,6.0
2025,11,24,18 UTC,NOV,5000,270.0,9.0
2025,11,24,18 UTC,NOV,6000,265.0,11.0
2025,11,24,18 UTC,NOV,7000,260.0,10.0
2025,11,25,18 UTC,NOV,SURFACE,310.0,4.0
2025,11,25,18 UTC,NOV,1000,20.0,3.0
2025,11,25,18 UTC,NOV,2000,50.0,2.0
2025,11,25,18 UTC,NOV,3000,325.0,1.0
2025,11,25,18 UTC,NOV,4000,20.0,2.0
2025,11,25,18 UTC,NOV,5000,155.0,1.0
2025,11,25,18 UTC,NOV,6000,255.0,2.0
2025,11,25,18 UTC,NOV,7000,220.0,1.0
2025,11,26,18 UTC,NOV,SURFACE,230.0,5.0
2025,11,26,18 UTC,NOV,1000,255.0,6.0
2025,11,26,18 UTC,NOV,2000,265.0,4.0
2025,11,26,18 UTC,NOV,3000,250.0,5.0
2025,11,26,18 UTC,NOV,4000,245.0,4.0
2025,11,26,18 UTC,NOV,5000,255.0,4.0
2025,11,26,18 UTC,NOV,6000,260.0,5.0
2025,11,27,18 UTC,NOV,SURFACE,280.0,2.0
2025,11,27,18 UTC,NOV,1000,160.0,4.0
2025,11,27,18 UTC,NOV,2000,90.0,3.0
2025,11,27,18 UTC,NOV,3000,155.0,4.0
2025,11,27,18 UTC,NOV,4000,155.0,6.0
2025,11,27,18 UTC,NOV,5000,175.0,5.0
2025,11,28,18 UTC,NOV,SURFACE,160.0,5.0
2025,11,28,18 UTC,NOV,1000,195.0,4.0
2025,11,28,18 UTC,NOV,2000,105.0,10.0
2025,11,28,18 UTC,NOV,3000,95.0,3.0
2025,11,28,18 UTC,NOV,4000,80.0,6.0
2025,11,28,18 UTC,NOV,5000,65.0,4.0
2025,11,28,18 UTC,NOV,6000,85.0,5.0
2025,11,29,18 UTC,NOV,SURFACE,230.0,2.0
2025,11,29,18 UTC,NOV,1000,250.0,3.0
2025,11,29,18 UTC,NOV,2000,250.0,3.0
2025,11,29,18 UTC,NOV,3000,260.0,4.0
2025,11,29,18 UTC,NOV,4000,295.0,3.0
2025,11,29,18 UTC,NOV,5000,300.0,4.0
2025,11,29,18 UTC,NOV,6000,330.0,6.0
2025,11,30,18 UTC,NOV,SURFACE,50.0,2.0
2025,11,30,18 UTC,NOV,1000,85.0,2.0
2025,11,30,18 UTC,NOV,2000,250.0,2.0
2025,11,30,18 UTC,NOV,3000,190.0,4.0
2025,11,30,18 UTC,NOV,4000,210.0,1.0
2025,11,30,18 UTC,NOV,5000,0.0,0.0
2025,11,30,18 UTC,NOV,6000,35.0,1.0
2025,11,30,18 UTC,NOV,7000,50.0,3.0
2025,12,1,18 UTC,DES,SURFACE,260.0,4.0
2025,12,1,18 UTC,DES,1000,255.0,5.0
2025,12,1,18 UTC,DES,2000,270.0,4.0
2025,12,1,18 UTC,DES,3000,275.0,5.0
2025,12,1,18 UTC,DES,4000,265.0,4.0
2025,12,1,18 UTC,DES,5000,260.0,5.0
2025,12,1,18 UTC,DES,6000,260.0,6.0
2025,12,1,18 UTC,DES,7000,270.0,4.0
2025,12,2,18 UTC,DES,SURFACE,200.0,2.0
2025,12,2,18 UTC,DES,1000,160.0,4.0
2025,12,2,18 UTC,DES,2000,82.0,1.0
2025,12,2,18 UTC,DES,3000,25.0,2.0
2025,12,2,18 UTC,DES,4000,60.0,2.0
2025,12,2,18 UTC,DES,5000,70.0,2.0
2025,12,3,18 UTC,DES,SURFACE,170.0,5.0
2025,12,3,18 UTC,DES,1000,190.0,4.0
2025,12,3,18 UTC,DES,2000,160.0,4.0
2025,12,3,18 UTC,DES,3000,130.0,4.0
2025,12,3,18 UTC,DES,4000,155.0,4.0
2025,12,3,18 UTC,DES,5000,235.0,2.0
2025,12,3,18 UTC,DES,6000,265.0,4.0
2025,12,3,18 UTC,DES,7000,330.0,2.0
2025,12,4,18 UTC,DES,SURFACE,270.0,3.0
2025,12,4,18 UTC,DES,1000,250.0,4.0
2025,12,4,18 UTC,DES,2000,260.0,7.0
2025,12,4,18 UTC,DES,3000,245.0,6.0
2025,12,4,18 UTC,DES,4000,280.0,12.0
2025,12,4,18 UTC,DES,5000,235.0,6.0
2025,12,4,18 UTC,DES,6000,230.0,6.0
2025,12,4,18 UTC,DES,7000,195.0,6.0
2025,12,5,18 UTC,DES,SURFACE,280.0,2.0
2025,12,5,18 UTC,DES,1000,190.0,2.0
2025,12,5,18 UTC,DES,2000,210.0,3.0
2025,12,5,18 UTC,DES,3000,160.0,3.0
2025,12,5,18 UTC,DES,4000,180.0,1.0
2025,12,5,18 UTC,DES,5000,145.0,2.0
2025,12,5,18 UTC,DES,6000,210.0,2.0
2025,12,5,18 UTC,DES,7000,190.0,3.0
2025,12,6,18 UTC,DES,SURFACE,280.0,2.0
2025,12,6,18 UTC,DES,1000,260.0,4.0
2025,12,6,18 UTC,DES,2000,240.0,3.0
2025,12,6,18 UTC,DES,3000,245.0,5.0
2025,12,6,18 UTC,DES,4000,260.0,6.0
2025,12,6,18 UTC,DES,5000,265.0,5.0
2025,12,6,18 UTC,DES,6000,260.0,4.0
2025,12,6,18 UTC,DES,7000,270.0,3.0
2025,12,6,18 UTC,DES,8000,260.0,5.0
2025,12,7,18 UTC,DES,SURFACE,230.0,2.0
2025,12,7,18 UTC,DES,1000,85.0,2.0
2025,12,7,18 UTC,DES,2000,135.0,2.0
2025,12,7,18 UTC,DES,3000,145.0,2.0
2025,12,7,18 UTC,DES,4000,165.0,1.0
2025,12,7,18 UTC,DES,5000,200.0,1.0
2025,12,8,18 UTC,DES,SURFACE,290.0,4.0
2025,12,8,18 UTC,DES,1000,90.0,4.0
2025,12,8,18 UTC,DES,2000,215.0,3.0
2025,12,8,18 UTC,DES,3000,185.0,7.0
2025,12,8,18 UTC,DES,4000,180.0,8.0
2025,12,8,18 UTC,DES,5000,200.0,5.0
2025,12,8,18 UTC,DES,6000,210.0,9.0
2025,12,8,18 UTC,DES,7000,200.0,9.0
2025,12,9,18 UTC,DES,SURFACE,260.0,5.0
2025,12,9,18 UTC,DES,1000,250.0,5.0
2025,12,9,18 UTC,DES,2000,235.0,5.0
2025,12,9,18 UTC,DES,3000,270.0,7.0
2025,12,9,18 UTC,DES,4000,270.0,8.0
2025,12,9,18 UTC,DES,5000,280.0,8.0
2025,12,9,18 UTC,DES,6000,270.0,9.0
2025,12,9,18 UTC,DES,7000,275.0,8.0
2025,12,10,18 UTC,DES,SURFACE,70.0,3.0
2025,12,10,18 UTC,DES,1000,110.0,4.0
2025,12,10,18 UTC,DES,2000,115.0,5.0
2025,12,10,18 UTC,DES,3000,125.0,3.0
2025,12,10,18 UTC,DES,4000,165.0,3.0
2025,12,10,18 UTC,DES,5000,145.0,3.0
2025,12,10,18 UTC,DES,6000,155.0,4.0
2025,12,10,18 UTC,DES,7000,150.0,1.0
2025,12,11,18 UTC,DES,SURFACE,320.0,2.0
2025,12,11,18 UTC,DES,1000,10.0,2.0
2025,12,11,18 UTC,DES,2000,20.0,2.0
2025,12,11,18 UTC,DES,3000,310.0,5.0
2025,12,11,18 UTC,DES,4000,290.0,7.0
2025,12,11,18 UTC,DES,5000,270.0,7.0
2025,12,11,18 UTC,DES,6000,270.0,8.0
2025,12,11,18 UTC,DES,7000,320.0,5.0
2025,12,12,18 UTC,DES,SURFACE,290.0,3.0
2025,12,12,18 UTC,DES,1000,280.0,4.0
2025,12,12,18 UTC,DES,2000,240.0,4.0
2025,12,12,18 UTC,DES,3000,220.0,5.0
2025,12,12,18 UTC,DES,4000,290.0,8.0
2025,12,12,18 UTC,DES,5000,310.0,8.0
2025,12,12,18 UTC,DES,6000,280.0,4.0
2025,12,13,18 UTC,DES,SURFACE,260.0,4.0
2025,12,13,18 UTC,DES,1000,290.0,6.0
2025,12,13,18 UTC,DES,2000,280.0,5.0
2025,12,13,18 UTC,DES,3000,280.0,8.0
2025,12,13,18 UTC,DES,4000,280.0,7.0
2025,12,13,18 UTC,DES,5000,265.0,7.0
2025,12,13,18 UTC,DES,6000,275.0,6.0
2025,12,13,18 UTC,DES,7000,285.0,7.0
2025,12,13,18 UTC,DES,8000,295.0,5.0
2025,12,14,18 UTC,DES,SURFACE,190.0,2.0
2025,12,14,18 UTC,DES,1000,250.0,3.0
2025,12,14,18 UTC,DES,2000,240.0,5.0
2025,12,14,18 UTC,DES,3000,205.0,10.0
2025,12,14,18 UTC,DES,4000,195.0,10.0
2025,12,14,18 UTC,DES,5000,190.0,11.0
2025,12,14,18 UTC,DES,6000,185.0,13.0
2025,12,15,18 UTC,DES,SURFACE,130.0,2.0
2025,12,15,18 UTC,DES,1000,165.0,5.0
2025,12,15,18 UTC,DES,2000,175.0,6.0
2025,12,15,18 UTC,DES,3000,240.0,6.0
2025,12,15,18 UTC,DES,4000,245.0,6.0
2025,12,15,18 UTC,DES,5000,235.0,6.0
2025,12,15,18 UTC,DES,6000,240.0,5.0
2025,12,15,18 UTC,DES,7000,245.0,4.0
2025,12,16,18 UTC,DES,SURFACE,160.0,7.0
2025,12,16,18 UTC,DES,1000,170.0,6.0
2025,12,16,18 UTC,DES,2000,165.0,7.0
2025,12,16,18 UTC,DES,3000,175.0,6.0
2025,12,16,18 UTC,DES,4000,160.0,7.0
2025,12,16,18 UTC,DES,5000,150.0,9.0
2025,12,16,18 UTC,DES,6000,175.0,6.0
2025,12,16,18 UTC,DES,7000,180.0,4.0
2025,12,16,18 UTC,DES,8000,180.0,5.0
2025,12,17,18 UTC,DES,SURFACE,210.0,1.0
2025,12,17,18 UTC,DES,1000,360.0,4.0
2025,12,17,18 UTC,DES,2000,285.0,2.0
2025,12,17,18 UTC,DES,3000,290.0,3.0
2025,12,17,18 UTC,DES,4000,210.0,3.0
2025,12,17,18 UTC,DES,5000,215.0,4.0
2025,12,18,18 UTC,DES,SURFACE,330.0,2.0
2025,12,18,18 UTC,DES,1000,320.0,4.0
2025,12,18,18 UTC,DES,2000,330.0,6.0
2025,12,18,18 UTC,DES,3000,30.0,4.0
2025,12,18,18 UTC,DES,4000,315.0,2.0
2025,12,18,18 UTC,DES,5000,320.0,1.0
2025,12,18,18 UTC,DES,6000,330.0,2.0
2025,12,18,18 UTC,DES,7000,5.0,2.0
2025,12,18,18 UTC,DES,8000,25.0,5.0
2025,12,19,18 UTC,DES,SURFACE,290.0,3.0
2025,12,19,18 UTC,DES,1000,290.0,4.0
2025,12,19,18 UTC,DES,2000,330.0,5.0
2025,12,19,18 UTC,DES,3000,332.0,6.0
2025,12,19,18 UTC,DES,4000,330.0,10.0
2025,12,19,18 UTC,DES,5000,340.0,6.0
2025,12,19,18 UTC,DES,6000,350.0,14.0
2025,12,20,18 UTC,DES,SURFACE,220.0,4.0
2025,12,20,18 UTC,DES,1000,195.0,7.0
2025,12,20,18 UTC,DES,2000,215.0,5.0
2025,12,20,18 UTC,DES,3000,200.0,5.0
2025,12,20,18 UTC,DES,4000,230.0,5.0
2025,12,20,18 UTC,DES,5000,240.0,6.0
2025,12,20,18 UTC,DES,6000,245.0,5.0
2025,12,20,18 UTC,DES,7000,245.0,5.0
2025,12,21,18 UTC,DES,SURFACE,340.0,2.0
2025,12,21,18 UTC,DES,1000,315.0,4.0
2025,12,21,18 UTC,DES,2000,335.0,3.0
2025,12,21,18 UTC,DES,3000,345.0,4.0
2025,12,21,18 UTC,DES,4000,5.0,6.0
2025,12,21,18 UTC,DES,5000,10.0,5.0
2025,12,21,18 UTC,DES,6000,350.0,5.0
2025,12,21,18 UTC,DES,7000,25.0,4.0
2025,12,22,18 UTC,DES,SURFACE,280.0,3.0
2025,12,22,18 UTC,DES,1000,180.0,2.0
2025,12,22,18 UTC,DES,2000,180.0,9.0
2025,12,22,18 UTC,DES,3000,185.0,8.0
2025,12,22,18 UTC,DES,4000,185.0,3.0
2025,12,22,18 UTC,DES,5000,215.0,1.0
2025,12,23,18 UTC,DES,SURFACE,280.0,2.0
2025,12,23,18 UTC,DES,1000,285.0,5.0
2025,12,23,18 UTC,DES,2000,310.0,3.0
2025,12,23,18 UTC,DES,3000,280.0,5.0
2025,12,23,18 UTC,DES,4000,305.0,6.0
2025,12,23,18 UTC,DES,5000,315.0,6.0
2025,12,23,18 UTC,DES,6000,310.0,4.0
2025,12,23,18 UTC,DES,7000,335.0,3.0
2025,12,23,18 UTC,DES,8000,345.0,5.0
2025,12,24,18 UTC,DES,SURFACE,260.0,5.0
2025,12,24,18 UTC,DES,1000,245.0,6.0
2025,12,24,18 UTC,DES,2000,245.0,8.0
2025,12,24,18 UTC,DES,3000,235.0,6.0
2025,12,24,18 UTC,DES,4000,275.0,7.0
2025,12,24,18 UTC,DES,5000,215.0,8.0
2025,12,24,18 UTC,DES,6000,205.0,8.0
2025,12,24,18 UTC,DES,7000,210.0,5.0
2025,12,25,18 UTC,DES,SURFACE,290.0,8.0
2025,12,25,18 UTC,DES,1000,315.0,8.0
2025,12,25,18 UTC,DES,2000,255.0,1.0
2025,12,25,18 UTC,DES,3000,225.0,2.0
2025,12,25,18 UTC,DES,4000,180.0,4.0
2025,12,25,18 UTC,DES,5000,195.0,4.0
2025,12,25,18 UTC,DES,6000,195.0,3.0
2025,12,25,18 UTC,DES,7000,240.0,3.0
2025,12,26,18 UTC,DES,SURFACE,320.0,3.0
2025,12,26,18 UTC,DES,1000,310.0,5.0
2025,12,26,18 UTC,DES,2000,310.0,6.0
2025,12,26,18 UTC,DES,3000,320.0,6.0
2025,12,26,18 UTC,DES,4000,325.0,5.0
2025,12,26,18 UTC,DES,5000,320.0,6.0
2025,12,26,18 UTC,DES,6000,330.0,4.0
2025,12,26,18 UTC,DES,7000,325.0,4.0
2025,12,26,18 UTC,DES,8000,340.0,3.0
2025,12,27,18 UTC,DES,SURFACE,250.0,3.0
2025,12,27,18 UTC,DES,1000,245.0,6.0
2025,12,27,18 UTC,DES,2000,245.0,8.0
2025,12,27,18 UTC,DES,3000,240.0,7.0
2025,12,27,18 UTC,DES,4000,195.0,7.0
2025,12,27,18 UTC,DES,5000,175.0,7.0
2025,12,28,18 UTC,DES,SURFACE,300.0,3.0
2025,12,28,18 UTC,DES,1000,250.0,2.0
2025,12,28,18 UTC,DES,2000,350.0,4.0
2025,12,28,18 UTC,DES,3000,360.0,5.0
2025,12,28,18 UTC,DES,4000,220.0,4.0
2025,12,28,18 UTC,DES,5000,250.0,6.0
2025,12,28,18 UTC,DES,6000,90.0,10.0
2025,12,28,18 UTC,DES,7000,190.0,8.0
2025,12,28,18 UTC,DES,8000,130.0,8.0
2025,12,29,18 UTC,DES,SURFACE,190.0,4.0
2025,12,29,18 UTC,DES,1000,340.0,5.0
2025,12,29,18 UTC,DES,2000,110.0,5.0
2025,12,29,18 UTC,DES,3000,100.0,5.0
2025,12,29,18 UTC,DES,4000,90.0,4.0
2025,12,29,18 UTC,DES,5000,110.0,2.0
2025,12,29,18 UTC,DES,6000,80.0,2.0
2025,12,29,18 UTC,DES,7000,190.0,4.0
2025,12,29,18 UTC,DES,8000,180.0,5.0
2025,12,30,18 UTC,DES,SURFACE,250.0,3.0
2025,12,30,18 UTC,DES,1000,230.0,1.0
2025,12,30,18 UTC,DES,2000,30.0,2.0
2025,12,30,18 UTC,DES,3000,45.0,2.0
2025,12,30,18 UTC,DES,4000,80.0,2.0
2025,12,30,18 UTC,DES,5000,110.0,2.0
2025,12,30,18 UTC,DES,6000,85.0,2.0
2025,12,30,18 UTC,DES,7000,110.0,1.0
2025,12,31,18 UTC,DES,SURFACE,290.0,4.0
2025,12,31,18 UTC,DES,1000,310.0,5.0
2025,12,31,18 UTC,DES,2000,290.0,6.0
2025,12,31,18 UTC,DES,3000,315.0,4.0
2025,12,31,18 UTC,DES,4000,320.0,4.0
2025,12,31,18 UTC,DES,5000,315.0,5.0
2025,12,31,18 UTC,DES,6000,315.0,4.0
2025,12,31,18 UTC,DES,7000,325.0,5.0
